context,a,b,scale,pair_id,generated_a,generated_b,same_context,polarity,balanced_valence,ok,comment,reversed_corrected,accepted,generated_pair_key,duplicate_generated_pair,analysis_positive,analysis_negative,positive_pole,negative_pole
Eating lunch at the office.,I sit at the large communal table to catch up with colleagues from different departments.,I find a quiet corner or eat at my desk so I can read and unwind.,IE,0,I sit at the large communal table to catch up with colleagues from different departments.,I find a quiet corner or eat at my desk so I can read and unwind.,True,correct,True,True,"Statement A reflects extraversion (social lunchtime), while B reflects introversion (quiet lunchtime).",False,True,i find a quiet corner or eat at my desk so i can read and unwind || i sit at the large communal table to catch up with colleagues from different departments,False,I sit at the large communal table to catch up with colleagues from different departments.,I find a quiet corner or eat at my desk so I can read and unwind.,E,I
A ten-minute break during a long seminar.,I strike up conversations with nearby participants to discuss the presentation and exchange contact info.,I step outside for some fresh air and check my phone in a quiet spot.,IE,1,I strike up conversations with nearby participants to discuss the presentation and exchange contact info.,I step outside for some fresh air and check my phone in a quiet spot.,True,correct,True,True,"Statement A represents extraverted behavior during a break, and B represents introverted, reflective behavior.",False,True,i step outside for some fresh air and check my phone in a quiet spot || i strike up conversations with nearby participants to discuss the presentation and exchange contact info,False,I strike up conversations with nearby participants to discuss the presentation and exchange contact info.,I step outside for some fresh air and check my phone in a quiet spot.,E,I
Planning activities for a free Saturday.,I organize a group outing or dinner party with several friends to catch up.,"I plan a quiet day at home reading, gardening, or working on my hobbies.",IE,2,I organize a group outing or dinner party with several friends to catch up.,"I plan a quiet day at home reading, gardening, or working on my hobbies.",True,correct,True,True,"Statement A describes a social weekend outing (extraverted), and B describes a solitary day at home (introverted).",False,True,i organize a group outing or dinner party with several friends to catch up || i plan a quiet day at home reading gardening or working on my hobbies,False,I organize a group outing or dinner party with several friends to catch up.,"I plan a quiet day at home reading, gardening, or working on my hobbies.",E,I
Starting a new collaborative project.,I suggest a brainstorming session where everyone can yell out ideas and bounce thoughts off each other.,I prefer to review the project brief alone first and write down my thoughts before we meet.,IE,3,I suggest a brainstorming session where everyone can yell out ideas and bounce thoughts off each other.,I prefer to review the project brief alone first and write down my thoughts before we meet.,True,correct,True,True,"Statement A shows external, active collaborative brainstorming, while B shows solitary preparation and reflection.",False,True,i prefer to review the project brief alone first and write down my thoughts before we meet || i suggest a brainstorming session where everyone can yell out ideas and bounce thoughts off each other,False,I suggest a brainstorming session where everyone can yell out ideas and bounce thoughts off each other.,I prefer to review the project brief alone first and write down my thoughts before we meet.,E,I
Arriving at a large social gathering.,"I move around the room, introducing myself to new people and joining different conversations.",I find a comfortable spot and spend the evening chatting deeply with a few people I know.,IE,4,"I move around the room, introducing myself to new people and joining different conversations.",I find a comfortable spot and spend the evening chatting deeply with a few people I know.,True,correct,True,True,"Statement A highlights seeking broad social stimulation, whereas B shows a preference for deep, quiet contact.",False,True,i find a comfortable spot and spend the evening chatting deeply with a few people i know || i move around the room introducing myself to new people and joining different conversations,False,"I move around the room, introducing myself to new people and joining different conversations.",I find a comfortable spot and spend the evening chatting deeply with a few people I know.,E,I
Commuting on a bus or train.,I sometimes chat with fellow passengers or make friendly small talk about the weather.,I put in my headphones or read a book to keep to myself during the trip.,IE,5,I sometimes chat with fellow passengers or make friendly small talk about the weather.,I put in my headphones or read a book to keep to myself during the trip.,True,correct,True,True,"Statement A describes social engagement during a commute, while B describes choosing quiet solitude.",False,True,i put in my headphones or read a book to keep to myself during the trip || i sometimes chat with fellow passengers or make friendly small talk about the weather,False,I sometimes chat with fellow passengers or make friendly small talk about the weather.,I put in my headphones or read a book to keep to myself during the trip.,E,I
Finding out you got a promotion.,I immediately call my friends and family to share the news and celebrate together.,I quietly process my success first and tell my partner or closest friend later.,IE,6,I immediately call my friends and family to share the news and celebrate together.,I quietly process my success first and tell my partner or closest friend later.,True,correct,True,True,"Statement A is an outgoing, expressive reaction to news, while B is reflective and private.",False,True,i immediately call my friends and family to share the news and celebrate together || i quietly process my success first and tell my partner or closest friend later,False,I immediately call my friends and family to share the news and celebrate together.,I quietly process my success first and tell my partner or closest friend later.,E,I
Taking a class to learn a new language or hobby.,"I prefer interactive group exercises, role-playing, and practicing with my classmates.",I prefer working through structured exercises and reading textbooks at my own pace.,IE,7,"I prefer interactive group exercises, role-playing, and practicing with my classmates.",I prefer working through structured exercises and reading textbooks at my own pace.,True,correct,True,True,"Statement A shows a preference for interactive, social learning, while B shows a preference for independent study.",False,True,i prefer interactive group exercises role playing and practicing with my classmates || i prefer working through structured exercises and reading textbooks at my own pace,False,"I prefer interactive group exercises, role-playing, and practicing with my classmates.",I prefer working through structured exercises and reading textbooks at my own pace.,E,I
Resolving a disagreement in a team meeting.,I voice my opinions immediately and enjoy debating the issue openly with the team.,"I listen to everyone's points, think them over, and contribute once I have formulated my thoughts.",IE,8,I voice my opinions immediately and enjoy debating the issue openly with the team.,"I listen to everyone's points, think them over, and contribute once I have formulated my thoughts.",True,correct,True,True,"Statement A represents immediate verbal processing and open debate, and B represents listening and reflecting before speaking.",False,True,i listen to everyone s points think them over and contribute once i have formulated my thoughts || i voice my opinions immediately and enjoy debating the issue openly with the team,False,I voice my opinions immediately and enjoy debating the issue openly with the team.,"I listen to everyone's points, think them over, and contribute once I have formulated my thoughts.",E,I
Deciding how to spend the evening after a busy day at work.,I meet up with friends at a lively restaurant to talk and unwind.,I go straight home to cook a meal and watch a movie by myself.,IE,9,I meet up with friends at a lively restaurant to talk and unwind.,I go straight home to cook a meal and watch a movie by myself.,True,correct,True,True,"Statement A is unwinding through social activity, and B is unwinding through solitude.",False,True,i go straight home to cook a meal and watch a movie by myself || i meet up with friends at a lively restaurant to talk and unwind,False,I meet up with friends at a lively restaurant to talk and unwind.,I go straight home to cook a meal and watch a movie by myself.,E,I
Choosing a workspace in a flexible office.,I choose a desk in the middle of the bustling open-plan area to feel connected.,"I look for a quiet, secluded booth where I can focus without distractions.",IE,10,I choose a desk in the middle of the bustling open-plan area to feel connected.,"I look for a quiet, secluded booth where I can focus without distractions.",True,correct,True,True,"Statement A opts for a stimulating open environment, and B opts for a quiet, secluded spot.",False,True,i choose a desk in the middle of the bustling open plan area to feel connected || i look for a quiet secluded booth where i can focus without distractions,False,I choose a desk in the middle of the bustling open-plan area to feel connected.,"I look for a quiet, secluded booth where I can focus without distractions.",E,I
Catching up with colleagues on Monday morning.,I enthusiastically share details about my weekend adventures with anyone who passes by.,"I share a brief summary only if asked, keeping details relatively private.",IE,11,I enthusiastically share details about my weekend adventures with anyone who passes by.,"I share a brief summary only if asked, keeping details relatively private.",True,correct,True,True,"Statement A shows expressive and outgoing behavior, whereas B shows private and reserved behavior.",False,True,i enthusiastically share details about my weekend adventures with anyone who passes by || i share a brief summary only if asked keeping details relatively private,False,I enthusiastically share details about my weekend adventures with anyone who passes by.,"I share a brief summary only if asked, keeping details relatively private.",E,I
Celebrating your birthday this year.,I host a big party and invite friends from different areas of my life.,"I celebrate with a quiet, intimate dinner with one or two close friends.",IE,12,I host a big party and invite friends from different areas of my life.,"I celebrate with a quiet, intimate dinner with one or two close friends.",True,correct,True,True,"Statement A chooses a large, lively party, while B prefers a small, intimate gathering.",False,True,i celebrate with a quiet intimate dinner with one or two close friends || i host a big party and invite friends from different areas of my life,False,I host a big party and invite friends from different areas of my life.,"I celebrate with a quiet, intimate dinner with one or two close friends.",E,I
Facing a complex obstacle at work.,I gather a small group to talk through the problem and generate ideas.,I sit alone in a quiet room to analyze the data and find a solution.,IE,13,I gather a small group to talk through the problem and generate ideas.,I sit alone in a quiet room to analyze the data and find a solution.,True,correct,True,True,"Statement A addresses problems collaboratively, and B addresses them with independent, solitary focus.",False,True,i gather a small group to talk through the problem and generate ideas || i sit alone in a quiet room to analyze the data and find a solution,False,I gather a small group to talk through the problem and generate ideas.,I sit alone in a quiet room to analyze the data and find a solution.,E,I
Attending an industry networking event.,I try to meet as many new industry professionals and exchange cards as possible.,"I focus on having one or two meaningful, in-depth conversations with specific people.",IE,14,I try to meet as many new industry professionals and exchange cards as possible.,"I focus on having one or two meaningful, in-depth conversations with specific people.",True,correct,True,True,"Statement A focuses on broad contact and networking, and B focuses on in-depth, selective conversations.",False,True,i focus on having one or two meaningful in depth conversations with specific people || i try to meet as many new industry professionals and exchange cards as possible,False,I try to meet as many new industry professionals and exchange cards as possible.,"I focus on having one or two meaningful, in-depth conversations with specific people.",E,I
Choosing a vacation style.,"I book a trip to a vibrant city with busy streets, festivals, and guided tours.",I book a secluded cabin in the woods or a quiet beachside retreat.,IE,15,"I book a trip to a vibrant city with busy streets, festivals, and guided tours.",I book a secluded cabin in the woods or a quiet beachside retreat.,True,correct,True,True,"Statement A favors a stimulating and social trip, while B favors a quiet, secluded retreat.",False,True,i book a secluded cabin in the woods or a quiet beachside retreat || i book a trip to a vibrant city with busy streets festivals and guided tours,False,"I book a trip to a vibrant city with busy streets, festivals, and guided tours.",I book a secluded cabin in the woods or a quiet beachside retreat.,E,I
Getting feedback from a manager.,"I like to discuss the feedback immediately in an open, back-and-forth conversation.",I prefer to receive written feedback first so I can reflect on it before responding.,IE,16,"I like to discuss the feedback immediately in an open, back-and-forth conversation.",I prefer to receive written feedback first so I can reflect on it before responding.,True,correct,True,True,"Statement A relies on immediate, interactive feedback, and B relies on written reflection first.",False,True,i like to discuss the feedback immediately in an open back and forth conversation || i prefer to receive written feedback first so i can reflect on it before responding,False,"I like to discuss the feedback immediately in an open, back-and-forth conversation.",I prefer to receive written feedback first so I can reflect on it before responding.,E,I
Waiting in a slow-moving line at a store.,I often start a casual conversation with the person standing next to me.,I patiently wait while looking at my phone or thinking about my day.,IE,17,I often start a casual conversation with the person standing next to me.,I patiently wait while looking at my phone or thinking about my day.,True,correct,True,True,"Statement A starts a conversation with a stranger (outgoing), while B stays in their own thoughts (reserved).",False,True,i often start a casual conversation with the person standing next to me || i patiently wait while looking at my phone or thinking about my day,False,I often start a casual conversation with the person standing next to me.,I patiently wait while looking at my phone or thinking about my day.,E,I
Contributing to a creative brainstorming session.,"I share my ideas as they pop into my head, even if they are unfinished.",I wait until I have fully developed a solid idea before presenting it.,IE,18,"I share my ideas as they pop into my head, even if they are unfinished.",I wait until I have fully developed a solid idea before presenting it.,True,correct,True,True,"Statement A involves open verbal brainstorming, and B involves internal processing before sharing.",False,True,i share my ideas as they pop into my head even if they are unfinished || i wait until i have fully developed a solid idea before presenting it,False,"I share my ideas as they pop into my head, even if they are unfinished.",I wait until I have fully developed a solid idea before presenting it.,E,I
Using social media platforms.,"I post regular updates, photos, and comments to stay connected with many acquaintances.",I mostly browse silently or message a few close friends directly.,IE,19,"I post regular updates, photos, and comments to stay connected with many acquaintances.",I mostly browse silently or message a few close friends directly.,True,correct,True,True,"Statement A uses social media for broad engagement, and B uses it selectively or for direct messaging.",False,True,i mostly browse silently or message a few close friends directly || i post regular updates photos and comments to stay connected with many acquaintances,False,"I post regular updates, photos, and comments to stay connected with many acquaintances.",I mostly browse silently or message a few close friends directly.,E,I
Having guests over to your home.,"I love filling my home with people, organizing group games, and managing the music.",I prefer hosting a quiet dinner party where we can sit and talk for hours.,IE,20,"I love filling my home with people, organizing group games, and managing the music.",I prefer hosting a quiet dinner party where we can sit and talk for hours.,True,correct,True,True,"Statement A describes hosting a high-energy group gathering, and B describes hosting a quiet, focused dinner.",False,True,i love filling my home with people organizing group games and managing the music || i prefer hosting a quiet dinner party where we can sit and talk for hours,False,"I love filling my home with people, organizing group games, and managing the music.",I prefer hosting a quiet dinner party where we can sit and talk for hours.,E,I
Starting a new job on your first week.,I go out of my way to introduce myself to everyone in the office.,I focus on getting to know my immediate team members first.,IE,21,I go out of my way to introduce myself to everyone in the office.,I focus on getting to know my immediate team members first.,True,correct,True,True,"Statement A takes an active, broad approach to networking on the first week, and B focuses on small, deeper connections first.",False,True,i focus on getting to know my immediate team members first || i go out of my way to introduce myself to everyone in the office,False,I go out of my way to introduce myself to everyone in the office.,I focus on getting to know my immediate team members first.,E,I
Being part of an audience at a guest lecture.,I raise my hand to ask questions and participate in any group discussions.,"I sit back, listen intently, and take notes to process the information privately.",IE,22,I raise my hand to ask questions and participate in any group discussions.,"I sit back, listen intently, and take notes to process the information privately.",True,correct,True,True,"Statement A actively participates and interacts in public, while B listens and processes privately.",False,True,i raise my hand to ask questions and participate in any group discussions || i sit back listen intently and take notes to process the information privately,False,I raise my hand to ask questions and participate in any group discussions.,"I sit back, listen intently, and take notes to process the information privately.",E,I
Working on a group project at university or work.,I gladly volunteer to present our findings to the entire audience.,I prefer to work behind the scenes on research and slide design.,IE,23,I gladly volunteer to present our findings to the entire audience.,I prefer to work behind the scenes on research and slide design.,True,correct,True,True,"Statement A volunteers for the expressive, outgoing role, whereas B prefers behind-the-scenes work.",False,True,i gladly volunteer to present our findings to the entire audience || i prefer to work behind the scenes on research and slide design,False,I gladly volunteer to present our findings to the entire audience.,I prefer to work behind the scenes on research and slide design.,E,I
Going to the gym or fitness center.,I enjoy taking high-energy group fitness classes with lots of other people.,"I prefer working out alone with my headphones on, following my routine.",IE,24,I enjoy taking high-energy group fitness classes with lots of other people.,"I prefer working out alone with my headphones on, following my routine.",True,correct,True,True,"Statement A enjoys high-energy group activities, and B prefers independent, solitary exercise.",False,True,i enjoy taking high energy group fitness classes with lots of other people || i prefer working out alone with my headphones on following my routine,False,I enjoy taking high-energy group fitness classes with lots of other people.,"I prefer working out alone with my headphones on, following my routine.",E,I
Going shopping for clothes.,I like going with friends so they can give me feedback and chat.,I prefer shopping alone so I can browse at my own pace undisturbed.,IE,25,I like going with friends so they can give me feedback and chat.,I prefer shopping alone so I can browse at my own pace undisturbed.,True,correct,True,True,"Statement A treats shopping as a social, interactive experience, while B treats it as a quiet, individual task.",False,True,i like going with friends so they can give me feedback and chat || i prefer shopping alone so i can browse at my own pace undisturbed,False,I like going with friends so they can give me feedback and chat.,I prefer shopping alone so I can browse at my own pace undisturbed.,E,I
Receiving an unexpected phone call from a friend.,I answer immediately and enjoy chatting about anything that comes up.,I let it go to voicemail and text them back when I am ready.,IE,26,I answer immediately and enjoy chatting about anything that comes up.,I let it go to voicemail and text them back when I am ready.,True,correct,True,True,"Statement A welcomes spontaneous live interaction, while B prefers time to prepare and respond.",False,True,i answer immediately and enjoy chatting about anything that comes up || i let it go to voicemail and text them back when i am ready,False,I answer immediately and enjoy chatting about anything that comes up.,I let it go to voicemail and text them back when I am ready.,E,I
Working in a lively office environment.,I find the background chatter and activity energizing and motivating.,I find the noise distracting and use noise-canceling headphones to stay focused.,IE,27,I find the background chatter and activity energizing and motivating.,I find the noise distracting and use noise-canceling headphones to stay focused.,True,correct,True,True,"Statement A finds external activity and noise energizing, whereas B finds it draining or distracting.",False,True,i find the background chatter and activity energizing and motivating || i find the noise distracting and use noise canceling headphones to stay focused,False,I find the background chatter and activity energizing and motivating.,I find the noise distracting and use noise-canceling headphones to stay focused.,E,I
Volunteering for a local charity.,"I prefer roles where I interact with the public, like greeting or organizing.",I prefer administrative tasks or organizing inventory in the back office.,IE,28,"I prefer roles where I interact with the public, like greeting or organizing.",I prefer administrative tasks or organizing inventory in the back office.,True,correct,True,True,"Statement A chooses public-facing, interactive volunteer roles, and B chooses administrative, solitary roles.",False,True,i prefer administrative tasks or organizing inventory in the back office || i prefer roles where i interact with the public like greeting or organizing,False,"I prefer roles where I interact with the public, like greeting or organizing.",I prefer administrative tasks or organizing inventory in the back office.,E,I
New neighbors moving in next door.,"I immediately walk over, introduce myself, and welcome them to the neighborhood.",I wait until we naturally cross paths outside to introduce myself.,IE,29,"I immediately walk over, introduce myself, and welcome them to the neighborhood.",I wait until we naturally cross paths outside to introduce myself.,True,correct,True,True,"Statement A describes active, immediate social outreach, and B describes a more reserved, gradual approach.",False,True,i immediately walk over introduce myself and welcome them to the neighborhood || i wait until we naturally cross paths outside to introduce myself,False,"I immediately walk over, introduce myself, and welcome them to the neighborhood.",I wait until we naturally cross paths outside to introduce myself.,E,I
Going to a music concert.,"I like to be in the middle of the crowd, dancing and singing along.",I prefer balcony or seated tickets where I can comfortably enjoy the music.,IE,30,"I like to be in the middle of the crowd, dancing and singing along.",I prefer balcony or seated tickets where I can comfortably enjoy the music.,True,correct,True,True,"Statement A enjoys being part of a high-energy crowd, and B prefers a calmer, more personal experience.",False,True,i like to be in the middle of the crowd dancing and singing along || i prefer balcony or seated tickets where i can comfortably enjoy the music,False,"I like to be in the middle of the crowd, dancing and singing along.",I prefer balcony or seated tickets where I can comfortably enjoy the music.,E,I
Learning how to use a new software tool.,I like to ask colleagues for a quick walkthrough and learn together.,I prefer watching online tutorials and exploring the software on my own.,IE,31,I like to ask colleagues for a quick walkthrough and learn together.,I prefer watching online tutorials and exploring the software on my own.,True,correct,True,True,"Statement A favors collaborative, social learning, while B favors independent, self-paced learning.",False,True,i like to ask colleagues for a quick walkthrough and learn together || i prefer watching online tutorials and exploring the software on my own,False,I like to ask colleagues for a quick walkthrough and learn together.,I prefer watching online tutorials and exploring the software on my own.,E,I
Going for a walk on a sunny afternoon.,"I choose a popular, busy park where I can see lots of people.","I choose a quiet, secluded trail where I can enjoy nature peacefully.",IE,32,"I choose a popular, busy park where I can see lots of people.","I choose a quiet, secluded trail where I can enjoy nature peacefully.",True,correct,True,True,"Statement A seeks a busy, socially active environment, whereas B seeks solitude and quiet in nature.",False,True,i choose a popular busy park where i can see lots of people || i choose a quiet secluded trail where i can enjoy nature peacefully,False,"I choose a popular, busy park where I can see lots of people.","I choose a quiet, secluded trail where I can enjoy nature peacefully.",E,I
Spending time with family during holidays.,I look forward to large family gatherings with noisy dinners and activities.,"I prefer smaller, quiet family get-togethers where we can chat calmly.",IE,33,I look forward to large family gatherings with noisy dinners and activities.,"I prefer smaller, quiet family get-togethers where we can chat calmly.",True,correct,True,True,"Statement A enjoys broad, stimulating family gatherings, while B prefers intimate, quiet ones.",False,True,i look forward to large family gatherings with noisy dinners and activities || i prefer smaller quiet family get togethers where we can chat calmly,False,I look forward to large family gatherings with noisy dinners and activities.,"I prefer smaller, quiet family get-togethers where we can chat calmly.",E,I
Leaving a movie theater with friends.,I want to talk about our favorite scenes immediately on the way out.,I like to silently think about the plot before sharing my opinion.,IE,34,I want to talk about our favorite scenes immediately on the way out.,I like to silently think about the plot before sharing my opinion.,True,correct,True,True,"Statement A is an immediate, outgoing verbalization of thoughts, and B is an internal, reflective process.",False,True,i like to silently think about the plot before sharing my opinion || i want to talk about our favorite scenes immediately on the way out,False,I want to talk about our favorite scenes immediately on the way out.,I like to silently think about the plot before sharing my opinion.,E,I
Getting coffee at a local cafe.,I sit at a table near the counter and chat with the barista.,I take my coffee to go or sit in a quiet corner.,IE,35,I sit at a table near the counter and chat with the barista.,I take my coffee to go or sit in a quiet corner.,True,correct,True,True,"Statement A describes starting small talk in public, and B describes keeping to oneself or seeking quiet.",False,True,i sit at a table near the counter and chat with the barista || i take my coffee to go or sit in a quiet corner,False,I sit at a table near the counter and chat with the barista.,I take my coffee to go or sit in a quiet corner.,E,I
Giving a presentation at work.,I enjoy the live Q&A session and answering unexpected questions.,I prefer presenting the prepared material and taking questions via email.,IE,36,I enjoy the live Q&A session and answering unexpected questions.,I prefer presenting the prepared material and taking questions via email.,True,correct,True,True,"Statement A thrives on interactive, spontaneous Q&A, while B prefers controlled, written communication.",False,True,i enjoy the live q a session and answering unexpected questions || i prefer presenting the prepared material and taking questions via email,False,I enjoy the live Q&A session and answering unexpected questions.,I prefer presenting the prepared material and taking questions via email.,E,I
Selecting a place to eat dinner.,"I choose a trendy restaurant with a lively, high-energy atmosphere.","I choose a quiet, dimly lit bistro with private booths.",IE,37,"I choose a trendy restaurant with a lively, high-energy atmosphere.","I choose a quiet, dimly lit bistro with private booths.",True,correct,True,True,"Statement A selects a high-energy, bustling environment, and B selects a quiet, private setting.",False,True,i choose a quiet dimly lit bistro with private booths || i choose a trendy restaurant with a lively high energy atmosphere,False,"I choose a trendy restaurant with a lively, high-energy atmosphere.","I choose a quiet, dimly lit bistro with private booths.",E,I
Working on a difficult task.,I find it helpful to discuss my progress with colleagues as I go.,I prefer to work in complete isolation until the task is finished.,IE,38,I find it helpful to discuss my progress with colleagues as I go.,I prefer to work in complete isolation until the task is finished.,True,correct,True,True,"Statement A features interactive processing during work, and B features solitary concentration.",False,True,i find it helpful to discuss my progress with colleagues as i go || i prefer to work in complete isolation until the task is finished,False,I find it helpful to discuss my progress with colleagues as I go.,I prefer to work in complete isolation until the task is finished.,E,I
Participating in a professional workshop.,I actively seek out partners for the interactive group activities.,I prefer to complete the individual exercises and reflective worksheets.,IE,39,I actively seek out partners for the interactive group activities.,I prefer to complete the individual exercises and reflective worksheets.,True,correct,True,True,"Statement A seeks out group interactions, and B prefers individual, reflective activities.",False,True,i actively seek out partners for the interactive group activities || i prefer to complete the individual exercises and reflective worksheets,False,I actively seek out partners for the interactive group activities.,I prefer to complete the individual exercises and reflective worksheets.,E,I
Preparing a new recipe for dinner guests.,"I enjoy experimenting with the ingredients, imagining how different flavor combinations might alter the overall theme of the dish.",I carefully measure out each ingredient according to the recipe steps to ensure the dish turns out exactly as described.,SN,0,"I enjoy experimenting with the ingredients, imagining how different flavor combinations might alter the overall theme of the dish.",I carefully measure out each ingredient according to the recipe steps to ensure the dish turns out exactly as described.,True,correct,True,True,"Statement A focuses on imaginative flavor combinations and theme (Intuition), while Statement B focuses on exact measurement and practical execution of the recipe (Sensing).",False,True,i carefully measure out each ingredient according to the recipe steps to ensure the dish turns out exactly as described || i enjoy experimenting with the ingredients imagining how different flavor combinations might alter the overall theme of the dish,False,"I enjoy experimenting with the ingredients, imagining how different flavor combinations might alter the overall theme of the dish.",I carefully measure out each ingredient according to the recipe steps to ensure the dish turns out exactly as described.,N,S
Looking at a modern art painting in a museum.,I try to decipher the underlying emotional meaning and symbolic message the artist wanted to convey about society.,"I focus on the visible brushstroke techniques, the specific colors used, and the physical texture of the canvas.",SN,1,I try to decipher the underlying emotional meaning and symbolic message the artist wanted to convey about society.,"I focus on the visible brushstroke techniques, the specific colors used, and the physical texture of the canvas.",True,correct,True,True,"Statement A seeks the underlying symbolic meaning (Intuition), whereas Statement B details concrete, physical attributes like brushstrokes and textures (Sensing).",False,True,i focus on the visible brushstroke techniques the specific colors used and the physical texture of the canvas || i try to decipher the underlying emotional meaning and symbolic message the artist wanted to convey about society,False,I try to decipher the underlying emotional meaning and symbolic message the artist wanted to convey about society.,"I focus on the visible brushstroke techniques, the specific colors used, and the physical texture of the canvas.",N,S
Planning a trip to a foreign country.,"I love envisioning the overall vibe of the journey and looking for unexpected, inspiring adventures we might encounter.","I prefer mapping out the daily itinerary, booking specific transport, and listing the exact sights we will visit.",SN,2,"I love envisioning the overall vibe of the journey and looking for unexpected, inspiring adventures we might encounter.","I prefer mapping out the daily itinerary, booking specific transport, and listing the exact sights we will visit.",True,correct,True,True,"Statement A centers on the overall vibe and potential future adventures (Intuition), while Statement B focuses on concrete logistical details and itinerary planning (Sensing).",False,True,i love envisioning the overall vibe of the journey and looking for unexpected inspiring adventures we might encounter || i prefer mapping out the daily itinerary booking specific transport and listing the exact sights we will visit,False,"I love envisioning the overall vibe of the journey and looking for unexpected, inspiring adventures we might encounter.","I prefer mapping out the daily itinerary, booking specific transport, and listing the exact sights we will visit.",N,S
Discussing a new project proposal at work.,I focus on the long-term vision of where this project could lead our company in the next five years.,"I ask about the immediate budget, the timeline for the first phase, and who will do the daily tasks.",SN,3,I focus on the long-term vision of where this project could lead our company in the next five years.,"I ask about the immediate budget, the timeline for the first phase, and who will do the daily tasks.",True,correct,True,True,"Statement A addresses the long-term future possibilities and vision (Intuition), whereas Statement B addresses present realities like budget and specific immediate tasks (Sensing).",False,True,i ask about the immediate budget the timeline for the first phase and who will do the daily tasks || i focus on the long term vision of where this project could lead our company in the next five years,False,I focus on the long-term vision of where this project could lead our company in the next five years.,"I ask about the immediate budget, the timeline for the first phase, and who will do the daily tasks.",N,S
Learning how to use a new software application.,I like exploring the interface to understand its overall conceptual framework and what potential capabilities it might offer.,I prefer reading the quick-start guide and following step-by-step instructions to perform specific tasks immediately.,SN,4,I like exploring the interface to understand its overall conceptual framework and what potential capabilities it might offer.,I prefer reading the quick-start guide and following step-by-step instructions to perform specific tasks immediately.,True,correct,True,True,"Statement A is interested in the overall conceptual framework and future possibilities (Intuition), while Statement B prefers direct, practical, step-by-step instructions (Sensing).",False,True,i like exploring the interface to understand its overall conceptual framework and what potential capabilities it might offer || i prefer reading the quick start guide and following step by step instructions to perform specific tasks immediately,False,I like exploring the interface to understand its overall conceptual framework and what potential capabilities it might offer.,I prefer reading the quick-start guide and following step-by-step instructions to perform specific tasks immediately.,N,S
Reading a novel in your free time.,I find myself looking for deeper metaphors and predicting how the overarching themes will resolve by the end.,"I enjoy the descriptive details of the setting, the realistic dialogue, and the actual events of the plot.",SN,5,I find myself looking for deeper metaphors and predicting how the overarching themes will resolve by the end.,"I enjoy the descriptive details of the setting, the realistic dialogue, and the actual events of the plot.",True,correct,True,True,"Statement A focuses on abstract meanings, metaphors, and themes (Intuition), whereas Statement B values sensory details, realistic dialogue, and plot facts (Sensing).",False,True,i enjoy the descriptive details of the setting the realistic dialogue and the actual events of the plot || i find myself looking for deeper metaphors and predicting how the overarching themes will resolve by the end,False,I find myself looking for deeper metaphors and predicting how the overarching themes will resolve by the end.,"I enjoy the descriptive details of the setting, the realistic dialogue, and the actual events of the plot.",N,S
Shopping for a new vehicle at a dealership.,I imagine how the car fits into my future lifestyle and what kind of statement it makes about my journey.,"I compare the fuel economy, safety ratings, cargo space, and the actual purchase price of the models.",SN,6,I imagine how the car fits into my future lifestyle and what kind of statement it makes about my journey.,"I compare the fuel economy, safety ratings, cargo space, and the actual purchase price of the models.",True,correct,True,True,"Statement A imagines a future lifestyle fit and abstract statement (Intuition), while Statement B compares concrete facts and practical details like cost and fuel economy (Sensing).",False,True,i compare the fuel economy safety ratings cargo space and the actual purchase price of the models || i imagine how the car fits into my future lifestyle and what kind of statement it makes about my journey,False,I imagine how the car fits into my future lifestyle and what kind of statement it makes about my journey.,"I compare the fuel economy, safety ratings, cargo space, and the actual purchase price of the models.",N,S
Redecorating your home living room.,"I try to capture a specific mood or concept, blending different styles to create an imaginative and unique atmosphere.",I measure the physical dimensions of the walls and select furniture that matches the existing color scheme and budget.,SN,7,"I try to capture a specific mood or concept, blending different styles to create an imaginative and unique atmosphere.",I measure the physical dimensions of the walls and select furniture that matches the existing color scheme and budget.,True,correct,True,True,"Statement A focuses on abstract concept, mood, and imaginative style blending (Intuition), while Statement B relies on exact physical measurements and budget facts (Sensing).",False,True,i measure the physical dimensions of the walls and select furniture that matches the existing color scheme and budget || i try to capture a specific mood or concept blending different styles to create an imaginative and unique atmosphere,False,"I try to capture a specific mood or concept, blending different styles to create an imaginative and unique atmosphere.",I measure the physical dimensions of the walls and select furniture that matches the existing color scheme and budget.,N,S
Listening to a new album by a popular artist.,I pay attention to the emotional narrative and the abstract ideas suggested by the lyrics and melody.,"I focus on the rhythm, the specific instruments being played, and the quality of the lead singer's voice.",SN,8,I pay attention to the emotional narrative and the abstract ideas suggested by the lyrics and melody.,"I focus on the rhythm, the specific instruments being played, and the quality of the lead singer's voice.",True,correct,True,True,"Statement A is drawn to the abstract ideas and narrative meaning (Intuition), while Statement B focuses on the concrete auditory elements and physical instruments (Sensing).",False,True,i focus on the rhythm the specific instruments being played and the quality of the lead singer s voice || i pay attention to the emotional narrative and the abstract ideas suggested by the lyrics and melody,False,I pay attention to the emotional narrative and the abstract ideas suggested by the lyrics and melody.,"I focus on the rhythm, the specific instruments being played, and the quality of the lead singer's voice.",N,S
Reviewing potential job postings online.,"I look for roles that offer room for growth, innovative projects, and alignment with my personal values and vision.","I look for positions with clear job descriptions, specific salary ranges, and locations that fit my daily commute.",SN,9,"I look for roles that offer room for growth, innovative projects, and alignment with my personal values and vision.","I look for positions with clear job descriptions, specific salary ranges, and locations that fit my daily commute.",True,correct,True,True,"Statement A looks at future growth, values, and abstract vision (Intuition), while Statement B looks at practical factors like commute, salary details, and specific job description facts (Sensing).",False,True,i look for positions with clear job descriptions specific salary ranges and locations that fit my daily commute || i look for roles that offer room for growth innovative projects and alignment with my personal values and vision,False,"I look for roles that offer room for growth, innovative projects, and alignment with my personal values and vision.","I look for positions with clear job descriptions, specific salary ranges, and locations that fit my daily commute.",N,S
Troubleshooting a recurring issue with a home appliance.,I think about the systemic reasons why this keeps happening and look for a completely new way to handle it.,I check the manual's troubleshooting list and try the standard physical fixes that worked in the past.,SN,10,I think about the systemic reasons why this keeps happening and look for a completely new way to handle it.,I check the manual's troubleshooting list and try the standard physical fixes that worked in the past.,True,correct,True,True,"Statement A focuses on abstract, systemic patterns and new conceptual methods (Intuition), while Statement B utilizes direct experience, standard manuals, and physical fixes (Sensing).",False,True,i check the manual s troubleshooting list and try the standard physical fixes that worked in the past || i think about the systemic reasons why this keeps happening and look for a completely new way to handle it,False,I think about the systemic reasons why this keeps happening and look for a completely new way to handle it.,I check the manual's troubleshooting list and try the standard physical fixes that worked in the past.,N,S
Getting feedback on a project from your manager.,I look for the broader implications of their comments and how it affects my overall career growth.,I appreciate specific examples of what I did well and exact instructions on what to change next time.,SN,11,I look for the broader implications of their comments and how it affects my overall career growth.,I appreciate specific examples of what I did well and exact instructions on what to change next time.,True,correct,True,True,"Statement A looks at broader, future implications of feedback (Intuition), while Statement B prefers specific, practical details and exact instructions (Sensing).",False,True,i appreciate specific examples of what i did well and exact instructions on what to change next time || i look for the broader implications of their comments and how it affects my overall career growth,False,I look for the broader implications of their comments and how it affects my overall career growth.,I appreciate specific examples of what I did well and exact instructions on what to change next time.,N,S
Taking a weekend hike through a forest.,I feel inspired by the peaceful atmosphere and contemplate the interconnectedness of the natural world around me.,"I notice the physical trail conditions, identify specific tree species, and keep track of our hiking speed.",SN,12,I feel inspired by the peaceful atmosphere and contemplate the interconnectedness of the natural world around me.,"I notice the physical trail conditions, identify specific tree species, and keep track of our hiking speed.",True,correct,True,True,"Statement A contemplates abstract ideas of interconnectedness (Intuition), whereas Statement B observes concrete physical trail conditions and specific tree names (Sensing).",False,True,i feel inspired by the peaceful atmosphere and contemplate the interconnectedness of the natural world around me || i notice the physical trail conditions identify specific tree species and keep track of our hiking speed,False,I feel inspired by the peaceful atmosphere and contemplate the interconnectedness of the natural world around me.,"I notice the physical trail conditions, identify specific tree species, and keep track of our hiking speed.",N,S
Listening to a keynote speaker at a conference.,"I pay attention to the speaker's core concepts, looking for connections to other trends in my industry.","I take detailed notes on the statistics, case studies, and practical tips that I can apply tomorrow.",SN,13,"I pay attention to the speaker's core concepts, looking for connections to other trends in my industry.","I take detailed notes on the statistics, case studies, and practical tips that I can apply tomorrow.",True,correct,True,True,"Statement A pays attention to core conceptual ideas and future trends (Intuition), whereas Statement B captures practical statistics and actionable direct tips (Sensing).",False,True,i pay attention to the speaker s core concepts looking for connections to other trends in my industry || i take detailed notes on the statistics case studies and practical tips that i can apply tomorrow,False,"I pay attention to the speaker's core concepts, looking for connections to other trends in my industry.","I take detailed notes on the statistics, case studies, and practical tips that I can apply tomorrow.",N,S
Organizing a gathering for friends at your house.,I focus on creating a memorable theme and a welcoming vibe that encourages deep conversations.,"I make sure there is enough food and drink for everyone, and keep the schedule running smoothly.",SN,14,I focus on creating a memorable theme and a welcoming vibe that encourages deep conversations.,"I make sure there is enough food and drink for everyone, and keep the schedule running smoothly.",True,correct,True,True,"Statement A centers on the abstract vibe and conceptual theme (Intuition), while Statement B tracks the concrete details of logistics and provisions (Sensing).",False,True,i focus on creating a memorable theme and a welcoming vibe that encourages deep conversations || i make sure there is enough food and drink for everyone and keep the schedule running smoothly,False,I focus on creating a memorable theme and a welcoming vibe that encourages deep conversations.,"I make sure there is enough food and drink for everyone, and keep the schedule running smoothly.",N,S
Enrolling in a course to learn a new skill.,I enjoy discussing theories and exploring different possibilities of how the subject matter can be interpreted.,"I prefer hands-on practice, concrete demonstrations, and clear-cut assignments with specific grading rubrics.",SN,15,I enjoy discussing theories and exploring different possibilities of how the subject matter can be interpreted.,"I prefer hands-on practice, concrete demonstrations, and clear-cut assignments with specific grading rubrics.",True,correct,True,True,"Statement A prefers theories and possibilities (Intuition), while Statement B prefers hands-on, concrete examples and specific guidelines (Sensing).",False,True,i enjoy discussing theories and exploring different possibilities of how the subject matter can be interpreted || i prefer hands on practice concrete demonstrations and clear cut assignments with specific grading rubrics,False,I enjoy discussing theories and exploring different possibilities of how the subject matter can be interpreted.,"I prefer hands-on practice, concrete demonstrations, and clear-cut assignments with specific grading rubrics.",N,S
Choosing a birthday present for a close friend.,I look for something symbolic or unique that represents our friendship or their personal aspirations.,I choose a practical item that I know they currently need or have specifically asked for.,SN,16,I look for something symbolic or unique that represents our friendship or their personal aspirations.,I choose a practical item that I know they currently need or have specifically asked for.,True,correct,True,True,"Statement A focuses on symbolic meanings and future aspirations (Intuition), whereas Statement B selects a practical, needed item (Sensing).",False,True,i choose a practical item that i know they currently need or have specifically asked for || i look for something symbolic or unique that represents our friendship or their personal aspirations,False,I look for something symbolic or unique that represents our friendship or their personal aspirations.,I choose a practical item that I know they currently need or have specifically asked for.,N,S
Telling a friend about a movie you recently saw.,"I talk about the underlying message, the character growth, and the artistic choices made by the director.","I describe the main events of the plot, the action sequences, and who starred in the film.",SN,17,"I talk about the underlying message, the character growth, and the artistic choices made by the director.","I describe the main events of the plot, the action sequences, and who starred in the film.",True,correct,True,True,"Statement A highlights underlying themes and artistic concepts (Intuition), while Statement B details plot points, action, and concrete movie facts (Sensing).",False,True,i describe the main events of the plot the action sequences and who starred in the film || i talk about the underlying message the character growth and the artistic choices made by the director,False,"I talk about the underlying message, the character growth, and the artistic choices made by the director.","I describe the main events of the plot, the action sequences, and who starred in the film.",N,S
Doing your weekly grocery shopping.,I browse the aisles looking for novel ingredients that inspire me to try cooking something new.,"I stick to my written list, comparing prices and checking expiration dates to get exactly what I need.",SN,18,I browse the aisles looking for novel ingredients that inspire me to try cooking something new.,"I stick to my written list, comparing prices and checking expiration dates to get exactly what I need.",True,correct,True,True,"Statement A seeks novel, inspiring future options (Intuition), whereas Statement B relies on practical grocery lists, pricing details, and concrete facts (Sensing).",False,True,i browse the aisles looking for novel ingredients that inspire me to try cooking something new || i stick to my written list comparing prices and checking expiration dates to get exactly what i need,False,I browse the aisles looking for novel ingredients that inspire me to try cooking something new.,"I stick to my written list, comparing prices and checking expiration dates to get exactly what I need.",N,S
Chatting with colleagues during a lunch break.,"I enjoy discussing future trends, hypothetical scenarios, and ideas about where society is heading.","I prefer talking about current news, local events, sports, and sharing stories about our daily lives.",SN,19,"I enjoy discussing future trends, hypothetical scenarios, and ideas about where society is heading.","I prefer talking about current news, local events, sports, and sharing stories about our daily lives.",True,correct,True,True,"Statement A enjoys discussing future trends and abstract, hypothetical scenarios (Intuition), whereas Statement B prefers discussing current, practical events and daily lives (Sensing).",False,True,i enjoy discussing future trends hypothetical scenarios and ideas about where society is heading || i prefer talking about current news local events sports and sharing stories about our daily lives,False,"I enjoy discussing future trends, hypothetical scenarios, and ideas about where society is heading.","I prefer talking about current news, local events, sports, and sharing stories about our daily lives.",N,S
Managing the files and folders on your computer.,I set up a system based on conceptual categories that can adapt as my projects evolve.,"I organize files into clear, standardized folders labeled with exact dates and specific project names.",SN,20,I set up a system based on conceptual categories that can adapt as my projects evolve.,"I organize files into clear, standardized folders labeled with exact dates and specific project names.",True,correct,True,True,"Statement A creates a conceptual organization system designed for future changes (Intuition), while Statement B creates clear, standardized folders with exact dates (Sensing).",False,True,i organize files into clear standardized folders labeled with exact dates and specific project names || i set up a system based on conceptual categories that can adapt as my projects evolve,False,I set up a system based on conceptual categories that can adapt as my projects evolve.,"I organize files into clear, standardized folders labeled with exact dates and specific project names.",N,S
"Starting a new, undefined project at work.","I feel excited by the lack of structure, seeing it as an opportunity to define a brand-new approach.",I feel uncomfortable without clear guidelines and immediately ask for a defined brief and standard procedures.,SN,21,"I feel excited by the lack of structure, seeing it as an opportunity to define a brand-new approach.",I feel uncomfortable without clear guidelines and immediately ask for a defined brief and standard procedures.,True,correct,True,True,"Statement A is comfortable with open possibilities and a brand-new approach (Intuition), while Statement B seeks defined procedures and concrete guidelines (Sensing).",False,True,i feel excited by the lack of structure seeing it as an opportunity to define a brand new approach || i feel uncomfortable without clear guidelines and immediately ask for a defined brief and standard procedures,False,"I feel excited by the lack of structure, seeing it as an opportunity to define a brand-new approach.",I feel uncomfortable without clear guidelines and immediately ask for a defined brief and standard procedures.,N,S
Following current events on television or online.,I look for the historical patterns and global implications behind the reported headlines.,"I focus on the immediate facts of the event, the timeline, and the direct impact on local residents.",SN,22,I look for the historical patterns and global implications behind the reported headlines.,"I focus on the immediate facts of the event, the timeline, and the direct impact on local residents.",True,correct,True,True,"Statement A focuses on historical patterns and global implications (Intuition), while Statement B looks at immediate facts and direct local impact (Sensing).",False,True,i focus on the immediate facts of the event the timeline and the direct impact on local residents || i look for the historical patterns and global implications behind the reported headlines,False,I look for the historical patterns and global implications behind the reported headlines.,"I focus on the immediate facts of the event, the timeline, and the direct impact on local residents.",N,S
Shopping for new clothes for your wardrobe.,I look for unique pieces that express my personal style and suggest a creative image.,"I check the fabric quality, the comfort of the fit, and whether it matches my existing outfits.",SN,23,I look for unique pieces that express my personal style and suggest a creative image.,"I check the fabric quality, the comfort of the fit, and whether it matches my existing outfits.",True,correct,True,True,"Statement A searches for a unique creative image and personal expression (Intuition), whereas Statement B checks practical attributes like fabric, fit, and compatibility (Sensing).",False,True,i check the fabric quality the comfort of the fit and whether it matches my existing outfits || i look for unique pieces that express my personal style and suggest a creative image,False,I look for unique pieces that express my personal style and suggest a creative image.,"I check the fabric quality, the comfort of the fit, and whether it matches my existing outfits.",N,S
Working in your backyard garden.,"I enjoy imagining how the garden will look in several seasons, focusing on the overall natural aesthetic.","I spend time weeding, pruning, measuring soil moisture, and following specific watering schedules for each plant.",SN,24,"I enjoy imagining how the garden will look in several seasons, focusing on the overall natural aesthetic.","I spend time weeding, pruning, measuring soil moisture, and following specific watering schedules for each plant.",True,correct,True,True,"Statement A focuses on the long-term, future aesthetic of the garden (Intuition), whereas Statement B deals with concrete tasks like weeding, pruning, and scheduling (Sensing).",False,True,i enjoy imagining how the garden will look in several seasons focusing on the overall natural aesthetic || i spend time weeding pruning measuring soil moisture and following specific watering schedules for each plant,False,"I enjoy imagining how the garden will look in several seasons, focusing on the overall natural aesthetic.","I spend time weeding, pruning, measuring soil moisture, and following specific watering schedules for each plant.",N,S
Listening to a friend who is experiencing a dilemma.,I help them look at the situation from different angles and explore various future possibilities.,I offer practical advice based on my own past experiences and help them sort out immediate steps.,SN,25,I help them look at the situation from different angles and explore various future possibilities.,I offer practical advice based on my own past experiences and help them sort out immediate steps.,True,correct,True,True,"Statement A explores different future angles and conceptual possibilities (Intuition), while Statement B relies on past experiences to offer practical, immediate advice (Sensing).",False,True,i help them look at the situation from different angles and explore various future possibilities || i offer practical advice based on my own past experiences and help them sort out immediate steps,False,I help them look at the situation from different angles and explore various future possibilities.,I offer practical advice based on my own past experiences and help them sort out immediate steps.,N,S
Drafting a report or article on a topic.,I focus on developing a strong central thesis and connecting different conceptual ideas together.,"I focus on presenting accurate data, citing reliable sources, and structuring the report logically.",SN,26,I focus on developing a strong central thesis and connecting different conceptual ideas together.,"I focus on presenting accurate data, citing reliable sources, and structuring the report logically.",True,correct,True,True,"Statement A values central conceptual ideas and thesis building (Intuition), while Statement B focuses on accurate data, sources, and practical logical presentation (Sensing).",False,True,i focus on developing a strong central thesis and connecting different conceptual ideas together || i focus on presenting accurate data citing reliable sources and structuring the report logically,False,I focus on developing a strong central thesis and connecting different conceptual ideas together.,"I focus on presenting accurate data, citing reliable sources, and structuring the report logically.",N,S
Exploring a city you have never been to before.,"I wander around to absorb the unique atmosphere, seeking out quirky neighborhoods and hidden spots.","I use a map to visit the major historical landmarks, museums, and highly-rated restaurants.",SN,27,"I wander around to absorb the unique atmosphere, seeking out quirky neighborhoods and hidden spots.","I use a map to visit the major historical landmarks, museums, and highly-rated restaurants.",True,correct,True,True,"Statement A is interested in absorbing unique atmospheres and finding hidden spots (Intuition), while Statement B uses maps to systematically visit concrete historical landmarks (Sensing).",False,True,i use a map to visit the major historical landmarks museums and highly rated restaurants || i wander around to absorb the unique atmosphere seeking out quirky neighborhoods and hidden spots,False,"I wander around to absorb the unique atmosphere, seeking out quirky neighborhoods and hidden spots.","I use a map to visit the major historical landmarks, museums, and highly-rated restaurants.",N,S
Looking at potential homes to purchase.,"I focus on the home's potential, imagining how we could remodel the space to fit our future dreams.","I examine the current condition of the roof, the square footage, and the proximity to local schools.",SN,28,"I focus on the home's potential, imagining how we could remodel the space to fit our future dreams.","I examine the current condition of the roof, the square footage, and the proximity to local schools.",True,correct,True,True,"Statement A concentrates on remodeling potential and future dreams (Intuition), while Statement B inspects concrete physical details like the roof condition and square footage (Sensing).",False,True,i examine the current condition of the roof the square footage and the proximity to local schools || i focus on the home s potential imagining how we could remodel the space to fit our future dreams,False,"I focus on the home's potential, imagining how we could remodel the space to fit our future dreams.","I examine the current condition of the roof, the square footage, and the proximity to local schools.",N,S
Collaborating with others on a group task.,I like to brainstorm wild ideas and conceptualize the big picture before any planning begins.,"I like to assign specific roles, establish deadlines, and make sure everyone knows their exact tasks.",SN,29,I like to brainstorm wild ideas and conceptualize the big picture before any planning begins.,"I like to assign specific roles, establish deadlines, and make sure everyone knows their exact tasks.",True,correct,True,True,"Statement A focuses on wild brainstorming and the big conceptual picture (Intuition), whereas Statement B organizes tasks, roles, and concrete details (Sensing).",False,True,i like to assign specific roles establish deadlines and make sure everyone knows their exact tasks || i like to brainstorm wild ideas and conceptualize the big picture before any planning begins,False,I like to brainstorm wild ideas and conceptualize the big picture before any planning begins.,"I like to assign specific roles, establish deadlines, and make sure everyone knows their exact tasks.",N,S
Planning a physical fitness routine.,"I prefer keeping it flexible, choosing activities based on my mood and trying new workouts to stay inspired.","I follow a structured schedule, tracking my reps, running times, and physical measurements each week.",SN,30,"I prefer keeping it flexible, choosing activities based on my mood and trying new workouts to stay inspired.","I follow a structured schedule, tracking my reps, running times, and physical measurements each week.",True,correct,True,True,"Statement A keeps the routine flexible and focuses on inspiration (Intuition), while Statement B adheres to a structured, data-driven tracking schedule (Sensing).",False,True,i follow a structured schedule tracking my reps running times and physical measurements each week || i prefer keeping it flexible choosing activities based on my mood and trying new workouts to stay inspired,False,"I prefer keeping it flexible, choosing activities based on my mood and trying new workouts to stay inspired.","I follow a structured schedule, tracking my reps, running times, and physical measurements each week.",N,S
Studying a historical event.,I am interested in the underlying philosophical movements and social shifts that caused the event.,"I focus on learning the exact dates, key historical figures, and the sequence of events.",SN,31,I am interested in the underlying philosophical movements and social shifts that caused the event.,"I focus on learning the exact dates, key historical figures, and the sequence of events.",True,correct,True,True,"Statement A looks for philosophical shifts and abstract patterns (Intuition), whereas Statement B looks for precise dates and concrete sequences of historical events (Sensing).",False,True,i am interested in the underlying philosophical movements and social shifts that caused the event || i focus on learning the exact dates key historical figures and the sequence of events,False,I am interested in the underlying philosophical movements and social shifts that caused the event.,"I focus on learning the exact dates, key historical figures, and the sequence of events.",N,S
Deciding what to order from a menu at a restaurant.,I like trying the most unusual or innovative dish on the menu to experience something different.,I tend to order a classic dish that I know I already enjoy and trust to be good.,SN,32,I like trying the most unusual or innovative dish on the menu to experience something different.,I tend to order a classic dish that I know I already enjoy and trust to be good.,True,correct,True,True,"Statement A values trying innovative, unique dishes (Intuition), while Statement B prefers direct, proven experience with classic choices (Sensing).",False,True,i like trying the most unusual or innovative dish on the menu to experience something different || i tend to order a classic dish that i know i already enjoy and trust to be good,False,I like trying the most unusual or innovative dish on the menu to experience something different.,I tend to order a classic dish that I know I already enjoy and trust to be good.,N,S
Playing a strategic board game with friends.,I enjoy coming up with unexpected strategies and predicting my opponents' long-term moves.,"I focus on the current state of the board, calculating the immediate point values of each move.",SN,33,I enjoy coming up with unexpected strategies and predicting my opponents' long-term moves.,"I focus on the current state of the board, calculating the immediate point values of each move.",True,correct,True,True,"Statement A looks at unexpected, long-term strategic possibilities (Intuition), while Statement B focuses on immediate point values and the current board layout (Sensing).",False,True,i enjoy coming up with unexpected strategies and predicting my opponents long term moves || i focus on the current state of the board calculating the immediate point values of each move,False,I enjoy coming up with unexpected strategies and predicting my opponents' long-term moves.,"I focus on the current state of the board, calculating the immediate point values of each move.",N,S
Putting together a piece of flat-pack furniture.,I often glance at the picture of the finished product and figure out the assembly process as I go.,"I inventory all the screws and parts first, then follow the numbered instruction steps exactly.",SN,34,I often glance at the picture of the finished product and figure out the assembly process as I go.,"I inventory all the screws and parts first, then follow the numbered instruction steps exactly.",True,correct,True,True,"Statement A utilizes a conceptual approach of looking at the big picture (Intuition), while Statement B relies on practical inventorying and exact sequential steps (Sensing).",False,True,i inventory all the screws and parts first then follow the numbered instruction steps exactly || i often glance at the picture of the finished product and figure out the assembly process as i go,False,I often glance at the picture of the finished product and figure out the assembly process as I go.,"I inventory all the screws and parts first, then follow the numbered instruction steps exactly.",N,S
Reading about a breakthrough in science.,I think about how this discovery might change our understanding of the universe and its future applications.,"I look at the experimental data, the specific methodology used, and the immediate verifiable results.",SN,35,I think about how this discovery might change our understanding of the universe and its future applications.,"I look at the experimental data, the specific methodology used, and the immediate verifiable results.",True,correct,True,True,"Statement A envisions future applications and cosmic implications (Intuition), while Statement B evaluates methodology, raw data, and immediate results (Sensing).",False,True,i look at the experimental data the specific methodology used and the immediate verifiable results || i think about how this discovery might change our understanding of the universe and its future applications,False,I think about how this discovery might change our understanding of the universe and its future applications.,"I look at the experimental data, the specific methodology used, and the immediate verifiable results.",N,S
Preparing an agenda for an upcoming team meeting.,I leave time for open discussion and brainstorming to explore unexpected ideas that might come up.,I allocate specific time blocks for each topic to ensure we cover all necessary operational updates.,SN,36,I leave time for open discussion and brainstorming to explore unexpected ideas that might come up.,I allocate specific time blocks for each topic to ensure we cover all necessary operational updates.,True,correct,True,True,"Statement A prioritizes open-ended brainstorming and unexpected thoughts (Intuition), whereas Statement B structures specific, practical timeframes for updates (Sensing).",False,True,i allocate specific time blocks for each topic to ensure we cover all necessary operational updates || i leave time for open discussion and brainstorming to explore unexpected ideas that might come up,False,I leave time for open discussion and brainstorming to explore unexpected ideas that might come up.,I allocate specific time blocks for each topic to ensure we cover all necessary operational updates.,N,S
Taking photographs while on a walk.,"I look for abstract patterns, interesting shadows, and shots that capture a specific mood or feeling.","I focus on capturing clear, realistic images of the landmarks and the people I am with.",SN,37,"I look for abstract patterns, interesting shadows, and shots that capture a specific mood or feeling.","I focus on capturing clear, realistic images of the landmarks and the people I am with.",True,correct,True,True,"Statement A captures abstract patterns and moods (Intuition), while Statement B captures realistic and clear photos of direct subjects (Sensing).",False,True,i focus on capturing clear realistic images of the landmarks and the people i am with || i look for abstract patterns interesting shadows and shots that capture a specific mood or feeling,False,"I look for abstract patterns, interesting shadows, and shots that capture a specific mood or feeling.","I focus on capturing clear, realistic images of the landmarks and the people I am with.",N,S
Deciding on a professional career path.,"I look for a field that allows me to innovate, express my vision, and continually learn new concepts.","I look for a stable field with steady job growth, reliable income, and clear day-to-day responsibilities.",SN,38,"I look for a field that allows me to innovate, express my vision, and continually learn new concepts.","I look for a stable field with steady job growth, reliable income, and clear day-to-day responsibilities.",True,correct,True,True,"Statement A seeks conceptual innovation and future potential (Intuition), while Statement B prioritizes stable income and clear, concrete day-to-day duties (Sensing).",False,True,i look for a field that allows me to innovate express my vision and continually learn new concepts || i look for a stable field with steady job growth reliable income and clear day to day responsibilities,False,"I look for a field that allows me to innovate, express my vision, and continually learn new concepts.","I look for a stable field with steady job growth, reliable income, and clear day-to-day responsibilities.",N,S
Watching a live theatrical play.,I reflect on the symbolic themes of the story and what the play says about human nature.,"I appreciate the realistic acting, the quality of the set design, and the timing of the lighting.",SN,39,I reflect on the symbolic themes of the story and what the play says about human nature.,"I appreciate the realistic acting, the quality of the set design, and the timing of the lighting.",True,correct,True,True,"Statement A reflects on underlying thematic messages and human nature concepts (Intuition), whereas Statement B observes realistic details of lighting, set design, and acting (Sensing).",False,True,i appreciate the realistic acting the quality of the set design and the timing of the lighting || i reflect on the symbolic themes of the story and what the play says about human nature,False,I reflect on the symbolic themes of the story and what the play says about human nature.,"I appreciate the realistic acting, the quality of the set design, and the timing of the lighting.",N,S
Your team has a limited budget left for the year-end project.,I allocate the remaining funds strictly based on cost-benefit analysis and projected return on investment.,I distribute the budget to support the team members who have been struggling with heavy workloads.,FT,0,I allocate the remaining funds strictly based on cost-benefit analysis and projected return on investment.,I distribute the budget to support the team members who have been struggling with heavy workloads.,True,correct,True,True,"Option a focuses on objective criteria/ROI (FIRST), while option b focuses on team wellbeing and workload (SECOND).",False,True,i allocate the remaining funds strictly based on cost benefit analysis and projected return on investment || i distribute the budget to support the team members who have been struggling with heavy workloads,False,I allocate the remaining funds strictly based on cost-benefit analysis and projected return on investment.,I distribute the budget to support the team members who have been struggling with heavy workloads.,T,F
You are hiring for a role and two candidates have different strengths.,I select the candidate who scores highest on the technical skills test and meets all job specifications.,I choose the candidate who fits best with our team culture and shows great enthusiasm for collaborating.,FT,1,I select the candidate who scores highest on the technical skills test and meets all job specifications.,I choose the candidate who fits best with our team culture and shows great enthusiasm for collaborating.,True,correct,True,True,"Option a uses objective test scores (FIRST), while option b focuses on team fit and collaboration (SECOND).",False,True,i choose the candidate who fits best with our team culture and shows great enthusiasm for collaborating || i select the candidate who scores highest on the technical skills test and meets all job specifications,False,I select the candidate who scores highest on the technical skills test and meets all job specifications.,I choose the candidate who fits best with our team culture and shows great enthusiasm for collaborating.,T,F
"A colleague misses a major deadline, delaying the project.","I review the project timeline and establish strict, clear milestones to get the schedule back on track.",I check in with the colleague to see if they are doing okay and offer support to help them catch up.,FT,2,"I review the project timeline and establish strict, clear milestones to get the schedule back on track.",I check in with the colleague to see if they are doing okay and offer support to help them catch up.,True,correct,True,True,"Option a uses milestones and timeline adjustments (FIRST), while option b offers empathy and personal support (SECOND).",False,True,i check in with the colleague to see if they are doing okay and offer support to help them catch up || i review the project timeline and establish strict clear milestones to get the schedule back on track,False,"I review the project timeline and establish strict, clear milestones to get the schedule back on track.",I check in with the colleague to see if they are doing okay and offer support to help them catch up.,T,F
Two colleagues disagree on how to implement a new policy.,I evaluate both proposals against our company guidelines and choose the option that is most efficient.,"I facilitate a meeting where both can express their views, aiming to find a compromise that keeps everyone happy.",FT,3,I evaluate both proposals against our company guidelines and choose the option that is most efficient.,"I facilitate a meeting where both can express their views, aiming to find a compromise that keeps everyone happy.",True,correct,True,True,"Option a uses guidelines and efficiency (FIRST), while option b seeks group harmony and compromise (SECOND).",False,True,i evaluate both proposals against our company guidelines and choose the option that is most efficient || i facilitate a meeting where both can express their views aiming to find a compromise that keeps everyone happy,False,I evaluate both proposals against our company guidelines and choose the option that is most efficient.,"I facilitate a meeting where both can express their views, aiming to find a compromise that keeps everyone happy.",T,F
You are organizing the next quarterly team outing.,I choose an activity that fits our budget and offers the highest scheduled participation rate.,I send out a poll to see what everyone feels like doing so that nobody feels left out.,FT,4,I choose an activity that fits our budget and offers the highest scheduled participation rate.,I send out a poll to see what everyone feels like doing so that nobody feels left out.,True,correct,True,True,"Option a optimizes for budget and participation metrics (FIRST), while option b ensures everyone is included and comfortable (SECOND).",False,True,i choose an activity that fits our budget and offers the highest scheduled participation rate || i send out a poll to see what everyone feels like doing so that nobody feels left out,False,I choose an activity that fits our budget and offers the highest scheduled participation rate.,I send out a poll to see what everyone feels like doing so that nobody feels left out.,T,F
You need to deliver constructive criticism to an underperforming employee.,I present a clear list of their performance metrics and point out exactly where they fell short of the targets.,I start by highlighting their strengths and gently discuss how we can work together to improve their situation.,FT,5,I present a clear list of their performance metrics and point out exactly where they fell short of the targets.,I start by highlighting their strengths and gently discuss how we can work together to improve their situation.,True,correct,True,True,"Option a focuses strictly on performance metrics (FIRST), while option b prioritizes relationship-building and empathy (SECOND).",False,True,i present a clear list of their performance metrics and point out exactly where they fell short of the targets || i start by highlighting their strengths and gently discuss how we can work together to improve their situation,False,I present a clear list of their performance metrics and point out exactly where they fell short of the targets.,I start by highlighting their strengths and gently discuss how we can work together to improve their situation.,T,F
A customer is angry about a delayed shipment and demands a refund.,I check our standard refund policy and apply the exact rules that correspond to this specific shipping category.,I apologize sincerely for the frustration caused and offer a refund to restore their trust in us.,FT,6,I check our standard refund policy and apply the exact rules that correspond to this specific shipping category.,I apologize sincerely for the frustration caused and offer a refund to restore their trust in us.,True,correct,True,True,"Option a applies the standard policy rules (FIRST), while option b prioritizes repairing the relationship and restoring trust (SECOND).",False,True,i apologize sincerely for the frustration caused and offer a refund to restore their trust in us || i check our standard refund policy and apply the exact rules that correspond to this specific shipping category,False,I check our standard refund policy and apply the exact rules that correspond to this specific shipping category.,I apologize sincerely for the frustration caused and offer a refund to restore their trust in us.,T,F
The office is being reorganized and seating arrangements need to be assigned.,I assign desks based on department functions and proximity to necessary office equipment.,I let people choose their spots so that everyone can sit next to the colleagues they get along with best.,FT,7,I assign desks based on department functions and proximity to necessary office equipment.,I let people choose their spots so that everyone can sit next to the colleagues they get along with best.,True,correct,True,True,"Option a organizes based on functional logic (FIRST), while option b aims for personal comfort and team dynamics (SECOND).",False,True,i assign desks based on department functions and proximity to necessary office equipment || i let people choose their spots so that everyone can sit next to the colleagues they get along with best,False,I assign desks based on department functions and proximity to necessary office equipment.,I let people choose their spots so that everyone can sit next to the colleagues they get along with best.,T,F
You need to select a software vendor for your department.,"I compare the technical features, pricing plans, and system uptime metrics of each option.",I look for a vendor known for excellent customer support and values that align with our organization.,FT,8,"I compare the technical features, pricing plans, and system uptime metrics of each option.",I look for a vendor known for excellent customer support and values that align with our organization.,True,correct,True,True,"Option a relies on technical and financial metrics (FIRST), while option b prioritizes relationship support and shared values (SECOND).",False,True,i compare the technical features pricing plans and system uptime metrics of each option || i look for a vendor known for excellent customer support and values that align with our organization,False,"I compare the technical features, pricing plans, and system uptime metrics of each option.",I look for a vendor known for excellent customer support and values that align with our organization.,T,F
An employee accidentally violates a minor company security protocol.,I issue the standard formal warning to ensure compliance and maintain consistent enforcement of rules.,I discuss the mistake privately to understand their perspective and help them avoid doing it again.,FT,9,I issue the standard formal warning to ensure compliance and maintain consistent enforcement of rules.,I discuss the mistake privately to understand their perspective and help them avoid doing it again.,True,correct,True,True,"Option a focuses on rule compliance and consistency (FIRST), while option b uses personal coaching and empathy (SECOND).",False,True,i discuss the mistake privately to understand their perspective and help them avoid doing it again || i issue the standard formal warning to ensure compliance and maintain consistent enforcement of rules,False,I issue the standard formal warning to ensure compliance and maintain consistent enforcement of rules.,I discuss the mistake privately to understand their perspective and help them avoid doing it again.,T,F
You and a group of friends are deciding where to have dinner.,I suggest the restaurant with the highest ratings and the most central location for everyone.,I ask if anyone has specific dietary needs or cravings to ensure everyone is comfortable with the choice.,FT,10,I suggest the restaurant with the highest ratings and the most central location for everyone.,I ask if anyone has specific dietary needs or cravings to ensure everyone is comfortable with the choice.,True,correct,True,True,"Option a relies on external ratings and geographic logic (FIRST), while option b accommodates individual needs and comfort (SECOND).",False,True,i ask if anyone has specific dietary needs or cravings to ensure everyone is comfortable with the choice || i suggest the restaurant with the highest ratings and the most central location for everyone,False,I suggest the restaurant with the highest ratings and the most central location for everyone.,I ask if anyone has specific dietary needs or cravings to ensure everyone is comfortable with the choice.,T,F
You have one promotion to award between two eligible team members.,I promote the person who has consistently achieved the highest sales and productivity numbers this year.,I promote the person who has shown outstanding dedication to supporting others and building team morale.,FT,11,I promote the person who has consistently achieved the highest sales and productivity numbers this year.,I promote the person who has shown outstanding dedication to supporting others and building team morale.,True,correct,True,True,"Option a rewards measurable productivity achievements (FIRST), while option b rewards community-building and morale (SECOND).",False,True,i promote the person who has consistently achieved the highest sales and productivity numbers this year || i promote the person who has shown outstanding dedication to supporting others and building team morale,False,I promote the person who has consistently achieved the highest sales and productivity numbers this year.,I promote the person who has shown outstanding dedication to supporting others and building team morale.,T,F
"An acquaintance invites you to their weekend social gathering, but you are tired.","I decline politely, stating clearly that I have prior commitments and need to rest.","I thank them warmly and explain how much I appreciate the invite, ensuring they don't feel rejected.",FT,12,"I decline politely, stating clearly that I have prior commitments and need to rest.","I thank them warmly and explain how much I appreciate the invite, ensuring they don't feel rejected.",True,correct,True,True,"Option a gives a direct, logical response (FIRST), while option b emphasizes relationship management and feelings (SECOND).",False,True,i decline politely stating clearly that i have prior commitments and need to rest || i thank them warmly and explain how much i appreciate the invite ensuring they don t feel rejected,False,"I decline politely, stating clearly that I have prior commitments and need to rest.","I thank them warmly and explain how much I appreciate the invite, ensuring they don't feel rejected.",T,F
"You must restructure your department, which might change some roles.",I design the new structure based purely on operational efficiency and resource optimization.,I consult with each team member to find roles that match their personal career goals and comfort levels.,FT,13,I design the new structure based purely on operational efficiency and resource optimization.,I consult with each team member to find roles that match their personal career goals and comfort levels.,True,correct,True,True,"Option a prioritizes operational optimization (FIRST), while option b focuses on personal goals and alignment (SECOND).",False,True,i consult with each team member to find roles that match their personal career goals and comfort levels || i design the new structure based purely on operational efficiency and resource optimization,False,I design the new structure based purely on operational efficiency and resource optimization.,I consult with each team member to find roles that match their personal career goals and comfort levels.,T,F
The company database goes offline during a busy workday.,I systematically isolate the variables to find the root technical cause of the failure.,I immediately reassure the worried team members and coordinate our communication to keep everyone calm.,FT,14,I systematically isolate the variables to find the root technical cause of the failure.,I immediately reassure the worried team members and coordinate our communication to keep everyone calm.,True,correct,True,True,"Option a applies systematic debugging logic (FIRST), while option b acts to calm the team and restore group morale (SECOND).",False,True,i immediately reassure the worried team members and coordinate our communication to keep everyone calm || i systematically isolate the variables to find the root technical cause of the failure,False,I systematically isolate the variables to find the root technical cause of the failure.,I immediately reassure the worried team members and coordinate our communication to keep everyone calm.,T,F
A coworker asks for your feedback on a report they wrote.,I mark up every factual error and formatting inconsistency to ensure the document is flawless.,I focus on praising their hard work and gently suggest a few ways to make the writing smoother.,FT,15,I mark up every factual error and formatting inconsistency to ensure the document is flawless.,I focus on praising their hard work and gently suggest a few ways to make the writing smoother.,True,correct,True,True,"Option a points out errors objectively (FIRST), while option b prioritizes support, encouragement, and tactile delivery (SECOND).",False,True,i focus on praising their hard work and gently suggest a few ways to make the writing smoother || i mark up every factual error and formatting inconsistency to ensure the document is flawless,False,I mark up every factual error and formatting inconsistency to ensure the document is flawless.,I focus on praising their hard work and gently suggest a few ways to make the writing smoother.,T,F
You need to select a professional development course for your team.,I pick the course that covers the most relevant technical skills and offers a certified qualification.,I choose the program that focuses on interpersonal dynamics and helping team members work better together.,FT,16,I pick the course that covers the most relevant technical skills and offers a certified qualification.,I choose the program that focuses on interpersonal dynamics and helping team members work better together.,True,correct,True,True,"Option a optimizes for concrete, certified technical skills (FIRST), while option b focuses on interpersonal and group dynamics (SECOND).",False,True,i choose the program that focuses on interpersonal dynamics and helping team members work better together || i pick the course that covers the most relevant technical skills and offers a certified qualification,False,I pick the course that covers the most relevant technical skills and offers a certified qualification.,I choose the program that focuses on interpersonal dynamics and helping team members work better together.,T,F
You are dining out with a large group of colleagues.,I calculate the exact amount each person owes based on what they ordered.,I suggest dividing the bill equally among everyone to avoid any awkwardness or stress.,FT,17,I calculate the exact amount each person owes based on what they ordered.,I suggest dividing the bill equally among everyone to avoid any awkwardness or stress.,True,correct,True,True,"Option a strictly calculates exact mathematical division (FIRST), while option b prioritizes social ease and reducing stress (SECOND).",False,True,i calculate the exact amount each person owes based on what they ordered || i suggest dividing the bill equally among everyone to avoid any awkwardness or stress,False,I calculate the exact amount each person owes based on what they ordered.,I suggest dividing the bill equally among everyone to avoid any awkwardness or stress.,T,F
An employee asks to adjust their working hours for personal reasons.,I evaluate how the change impacts the team's operational coverage and contract requirements.,I approve the request because I want to support their well-being and maintain a positive relationship.,FT,18,I evaluate how the change impacts the team's operational coverage and contract requirements.,I approve the request because I want to support their well-being and maintain a positive relationship.,True,correct,True,True,"Option a evaluates metrics and structural coverage (FIRST), while option b supports personal well-being and relationships (SECOND).",False,True,i approve the request because i want to support their well being and maintain a positive relationship || i evaluate how the change impacts the team s operational coverage and contract requirements,False,I evaluate how the change impacts the team's operational coverage and contract requirements.,I approve the request because I want to support their well-being and maintain a positive relationship.,T,F
You are asked to give a speech at a close friend's wedding.,I prepare a well-structured speech outlining the couple's history and key milestones in their relationship.,I share a deeply heartfelt story focusing on my friendship and expressing my love and hopes for them.,FT,19,I prepare a well-structured speech outlining the couple's history and key milestones in their relationship.,I share a deeply heartfelt story focusing on my friendship and expressing my love and hopes for them.,True,correct,True,True,"Option a structures the speech around chronological events/milestones (FIRST), while option b focuses on emotional storytelling and feelings (SECOND).",False,True,i prepare a well structured speech outlining the couple s history and key milestones in their relationship || i share a deeply heartfelt story focusing on my friendship and expressing my love and hopes for them,False,I prepare a well-structured speech outlining the couple's history and key milestones in their relationship.,I share a deeply heartfelt story focusing on my friendship and expressing my love and hopes for them.,T,F
A customer requests a refund for a service they were slightly unhappy with.,I check if the situation meets our written terms and conditions before approving the request.,I process the refund immediately to make sure the customer feels valued and respected.,FT,20,I check if the situation meets our written terms and conditions before approving the request.,I process the refund immediately to make sure the customer feels valued and respected.,True,correct,True,True,"Option a follows formal terms and policy criteria (FIRST), while option b values customer connection and trust (SECOND).",False,True,i check if the situation meets our written terms and conditions before approving the request || i process the refund immediately to make sure the customer feels valued and respected,False,I check if the situation meets our written terms and conditions before approving the request.,I process the refund immediately to make sure the customer feels valued and respected.,T,F
Your company is donating money to a local charity.,I research charities with the lowest administrative overhead and the highest measurable impact per dollar.,I suggest a charity that supports a cause close to our employees' hearts and local community.,FT,21,I research charities with the lowest administrative overhead and the highest measurable impact per dollar.,I suggest a charity that supports a cause close to our employees' hearts and local community.,True,correct,True,True,"Option a evaluates efficiency metrics and financial overhead (FIRST), while option b targets emotional connection and employee values (SECOND).",False,True,i research charities with the lowest administrative overhead and the highest measurable impact per dollar || i suggest a charity that supports a cause close to our employees hearts and local community,False,I research charities with the lowest administrative overhead and the highest measurable impact per dollar.,I suggest a charity that supports a cause close to our employees' hearts and local community.,T,F
You are planning a vacation itinerary with your partner.,I research the most efficient route and create a detailed schedule of sights to visit.,I ask my partner what they most want to experience so we can create special memories together.,FT,22,I research the most efficient route and create a detailed schedule of sights to visit.,I ask my partner what they most want to experience so we can create special memories together.,True,correct,True,True,"Option a creates an efficient, logical timeline (FIRST), while option b prioritizes sharing special emotional memories with a partner (SECOND).",False,True,i ask my partner what they most want to experience so we can create special memories together || i research the most efficient route and create a detailed schedule of sights to visit,False,I research the most efficient route and create a detailed schedule of sights to visit.,I ask my partner what they most want to experience so we can create special memories together.,T,F
A client complains that a project deliverable does not match the initial contract.,I review the original scope of work document to see if the client's claim is contractually valid.,I focus on finding a mutually agreeable solution to preserve our long-term partnership and goodwill.,FT,23,I review the original scope of work document to see if the client's claim is contractually valid.,I focus on finding a mutually agreeable solution to preserve our long-term partnership and goodwill.,True,correct,True,True,"Option a relies on contractual facts and scope documents (FIRST), while option b aims to preserve the relationship and goodwill (SECOND).",False,True,i focus on finding a mutually agreeable solution to preserve our long term partnership and goodwill || i review the original scope of work document to see if the client s claim is contractually valid,False,I review the original scope of work document to see if the client's claim is contractually valid.,I focus on finding a mutually agreeable solution to preserve our long-term partnership and goodwill.,T,F
You are drafting new rules for remote work in your company.,"I establish clear, objective metrics to measure productivity and ensure everyone is held to the same standard.",I build the rules around trust and flexibility to accommodate the diverse personal needs of our employees.,FT,24,"I establish clear, objective metrics to measure productivity and ensure everyone is held to the same standard.",I build the rules around trust and flexibility to accommodate the diverse personal needs of our employees.,True,correct,True,True,"Option a uses standardized objective metrics (FIRST), while option b designs policies around human flexibility and personal needs (SECOND).",False,True,i build the rules around trust and flexibility to accommodate the diverse personal needs of our employees || i establish clear objective metrics to measure productivity and ensure everyone is held to the same standard,False,"I establish clear, objective metrics to measure productivity and ensure everyone is held to the same standard.",I build the rules around trust and flexibility to accommodate the diverse personal needs of our employees.,T,F
A colleague proposes a risky but potentially profitable business expansion.,"I analyze the financial projections, market data, and risk factors to determine viability.",I consider how this move will affect our current employees' workload and company culture.,FT,25,"I analyze the financial projections, market data, and risk factors to determine viability.",I consider how this move will affect our current employees' workload and company culture.,True,correct,True,True,"Option a evaluates financial and risk data (FIRST), while option b evaluates employee workload impact and company culture (SECOND).",False,True,i analyze the financial projections market data and risk factors to determine viability || i consider how this move will affect our current employees workload and company culture,False,"I analyze the financial projections, market data, and risk factors to determine viability.",I consider how this move will affect our current employees' workload and company culture.,T,F
A close friend is upset after going through a difficult breakup.,I help them look at the situation objectively and discuss practical steps they can take to move forward.,"I listen to them vent, validate their feelings, and offer my unconditional emotional support.",FT,26,I help them look at the situation objectively and discuss practical steps they can take to move forward.,"I listen to them vent, validate their feelings, and offer my unconditional emotional support.",True,correct,True,True,"Option a approaches the problem with analytical problem-solving (FIRST), while option b uses emotional validation and support (SECOND).",False,True,i help them look at the situation objectively and discuss practical steps they can take to move forward || i listen to them vent validate their feelings and offer my unconditional emotional support,False,I help them look at the situation objectively and discuss practical steps they can take to move forward.,"I listen to them vent, validate their feelings, and offer my unconditional emotional support.",T,F
You have to inform a candidate they did not get the job.,"I send a standard, professional email explaining that another candidate met the requirements more closely.",I write a personalized note thanking them for their time and offering encouraging words for their job search.,FT,27,"I send a standard, professional email explaining that another candidate met the requirements more closely.",I write a personalized note thanking them for their time and offering encouraging words for their job search.,True,correct,True,True,"Option a uses standard, objective professional messaging (FIRST), while option b targets a personalized, encouraging connection (SECOND).",False,True,i send a standard professional email explaining that another candidate met the requirements more closely || i write a personalized note thanking them for their time and offering encouraging words for their job search,False,"I send a standard, professional email explaining that another candidate met the requirements more closely.",I write a personalized note thanking them for their time and offering encouraging words for their job search.,T,F
You are leading a group project at university or work.,I assign tasks based strictly on each person's proven expertise and past performance.,I let team members choose tasks they are most passionate about and comfortable doing.,FT,28,I assign tasks based strictly on each person's proven expertise and past performance.,I let team members choose tasks they are most passionate about and comfortable doing.,True,correct,True,True,"Option a relies on capability metrics and expertise (FIRST), while option b focuses on personal motivation and team choice (SECOND).",False,True,i assign tasks based strictly on each person s proven expertise and past performance || i let team members choose tasks they are most passionate about and comfortable doing,False,I assign tasks based strictly on each person's proven expertise and past performance.,I let team members choose tasks they are most passionate about and comfortable doing.,T,F
Your neighbor is playing loud music late at night.,I review the local noise ordinances and call the non-emergency line if they violate the quiet hours.,"I go over and politely explain how the noise is affecting my sleep, hoping we can reach a friendly agreement.",FT,29,I review the local noise ordinances and call the non-emergency line if they violate the quiet hours.,"I go over and politely explain how the noise is affecting my sleep, hoping we can reach a friendly agreement.",True,correct,True,True,"Option a references rules and legal standards (FIRST), while option b prioritizes neighborly harmony and consensus (SECOND).",False,True,i go over and politely explain how the noise is affecting my sleep hoping we can reach a friendly agreement || i review the local noise ordinances and call the non emergency line if they violate the quiet hours,False,I review the local noise ordinances and call the non-emergency line if they violate the quiet hours.,"I go over and politely explain how the noise is affecting my sleep, hoping we can reach a friendly agreement.",T,F
You are deciding how to share household chores with a roommate.,I create a rotating chore chart to ensure all tasks are divided equally and systematically.,"I talk to them to find out which chores they dislike least, making sure we both feel comfortable.",FT,30,I create a rotating chore chart to ensure all tasks are divided equally and systematically.,"I talk to them to find out which chores they dislike least, making sure we both feel comfortable.",True,correct,True,True,"Option a uses a structured, mathematically equal template (FIRST), while option b seeks mutual alignment and personal comfort (SECOND).",False,True,i create a rotating chore chart to ensure all tasks are divided equally and systematically || i talk to them to find out which chores they dislike least making sure we both feel comfortable,False,I create a rotating chore chart to ensure all tasks are divided equally and systematically.,"I talk to them to find out which chores they dislike least, making sure we both feel comfortable.",T,F
Your department is switching to a more advanced but complex software system.,I schedule mandatory training sessions to ensure everyone meets the standard technical proficiency level.,I check in with team members to address their anxieties about learning a new system and offer extra help.,FT,31,I schedule mandatory training sessions to ensure everyone meets the standard technical proficiency level.,I check in with team members to address their anxieties about learning a new system and offer extra help.,True,correct,True,True,"Option a relies on consistent training protocols (FIRST), while option b addresses emotional resistance and anxiety (SECOND).",False,True,i check in with team members to address their anxieties about learning a new system and offer extra help || i schedule mandatory training sessions to ensure everyone meets the standard technical proficiency level,False,I schedule mandatory training sessions to ensure everyone meets the standard technical proficiency level.,I check in with team members to address their anxieties about learning a new system and offer extra help.,T,F
Your sibling asks if they should quit their stable job to pursue a creative passion.,I help them draft a financial budget and evaluate the market demand for their creative skills.,I encourage them to follow their dreams and reassure them that their personal happiness is most important.,FT,32,I help them draft a financial budget and evaluate the market demand for their creative skills.,I encourage them to follow their dreams and reassure them that their personal happiness is most important.,True,correct,True,True,"Option a analyzes financial projections and budgets (FIRST), while option b supports personal dreams and well-being (SECOND).",False,True,i encourage them to follow their dreams and reassure them that their personal happiness is most important || i help them draft a financial budget and evaluate the market demand for their creative skills,False,I help them draft a financial budget and evaluate the market demand for their creative skills.,I encourage them to follow their dreams and reassure them that their personal happiness is most important.,T,F
Your team is choosing a topic for a major presentation.,I suggest the topic that has the most accessible data and objective research available.,I suggest a topic that the team feels passionate about and that will engage our audience emotionally.,FT,33,I suggest the topic that has the most accessible data and objective research available.,I suggest a topic that the team feels passionate about and that will engage our audience emotionally.,True,correct,True,True,"Option a optimizes for database availability and objective facts (FIRST), while option b targets audience passion and engagement (SECOND).",False,True,i suggest a topic that the team feels passionate about and that will engage our audience emotionally || i suggest the topic that has the most accessible data and objective research available,False,I suggest the topic that has the most accessible data and objective research available.,I suggest a topic that the team feels passionate about and that will engage our audience emotionally.,T,F
A team member makes an error that costs the company a client.,I analyze where the process failed and update our procedures to prevent this error from happening again.,I support the team member through the stressful situation and help them rebuild their confidence.,FT,34,I analyze where the process failed and update our procedures to prevent this error from happening again.,I support the team member through the stressful situation and help them rebuild their confidence.,True,correct,True,True,"Option a isolates procedural errors and fixes systems (FIRST), while option b offers emotional support and rebuilds confidence (SECOND).",False,True,i analyze where the process failed and update our procedures to prevent this error from happening again || i support the team member through the stressful situation and help them rebuild their confidence,False,I analyze where the process failed and update our procedures to prevent this error from happening again.,I support the team member through the stressful situation and help them rebuild their confidence.,T,F
You are buying a farewell gift for a departing colleague.,I choose a practical gift card or high-quality office accessory that is widely useful.,I select a highly personalized item that reflects a shared memory or an inside joke we all enjoyed.,FT,35,I choose a practical gift card or high-quality office accessory that is widely useful.,I select a highly personalized item that reflects a shared memory or an inside joke we all enjoyed.,True,correct,True,True,"Option a chooses a universally useful, standard gift (FIRST), while option b emphasizes personal connection and shared history (SECOND).",False,True,i choose a practical gift card or high quality office accessory that is widely useful || i select a highly personalized item that reflects a shared memory or an inside joke we all enjoyed,False,I choose a practical gift card or high-quality office accessory that is widely useful.,I select a highly personalized item that reflects a shared memory or an inside joke we all enjoyed.,T,F
You are waiting for your food at a restaurant and it is taking a long time.,I calculate how long we have waited and ask the manager if they are meeting their service standards.,I assume the kitchen is busy or short-staffed and decide to wait patiently to avoid stressing the server.,FT,36,I calculate how long we have waited and ask the manager if they are meeting their service standards.,I assume the kitchen is busy or short-staffed and decide to wait patiently to avoid stressing the server.,True,correct,True,True,"Option a measures concrete wait time against service policies (FIRST), while option b practices empathy towards overworked staff (SECOND).",False,True,i assume the kitchen is busy or short staffed and decide to wait patiently to avoid stressing the server || i calculate how long we have waited and ask the manager if they are meeting their service standards,False,I calculate how long we have waited and ask the manager if they are meeting their service standards.,I assume the kitchen is busy or short-staffed and decide to wait patiently to avoid stressing the server.,T,F
You are setting the dress code policy for a new office.,I establish a clear professional standard that aligns with our corporate image and industry norms.,I choose a relaxed dress code so that employees feel comfortable and can express their individuality.,FT,37,I establish a clear professional standard that aligns with our corporate image and industry norms.,I choose a relaxed dress code so that employees feel comfortable and can express their individuality.,True,correct,True,True,"Option a values standard compliance and industry norms (FIRST), while option b prioritizes employee comfort and self-expression (SECOND).",False,True,i choose a relaxed dress code so that employees feel comfortable and can express their individuality || i establish a clear professional standard that aligns with our corporate image and industry norms,False,I establish a clear professional standard that aligns with our corporate image and industry norms.,I choose a relaxed dress code so that employees feel comfortable and can express their individuality.,T,F
You are mentoring a student who is struggling to choose a career path.,"I guide them through a systematic evaluation of job market growth, salary ranges, and their skill sets.",I help them explore what truly inspires them and what kind of work aligns with their core personal values.,FT,38,"I guide them through a systematic evaluation of job market growth, salary ranges, and their skill sets.",I help them explore what truly inspires them and what kind of work aligns with their core personal values.,True,correct,True,True,"Option a structures the choice around metrics and job stats (FIRST), while option b relies on core personal values and inspiration (SECOND).",False,True,i guide them through a systematic evaluation of job market growth salary ranges and their skill sets || i help them explore what truly inspires them and what kind of work aligns with their core personal values,False,"I guide them through a systematic evaluation of job market growth, salary ranges, and their skill sets.",I help them explore what truly inspires them and what kind of work aligns with their core personal values.,T,F
You are choosing how to run a charity collection drive.,I set up a structured system with clear targets and track daily progress on a shared spreadsheet.,I share inspiring stories about the cause to encourage people to contribute from the heart.,FT,39,I set up a structured system with clear targets and track daily progress on a shared spreadsheet.,I share inspiring stories about the cause to encourage people to contribute from the heart.,True,correct,True,True,"Option a implements a quantitative, spreadsheet-tracked structure (FIRST), while option b inspires contribution through emotional narratives (SECOND).",False,True,i set up a structured system with clear targets and track daily progress on a shared spreadsheet || i share inspiring stories about the cause to encourage people to contribute from the heart,False,I set up a structured system with clear targets and track daily progress on a shared spreadsheet.,I share inspiring stories about the cause to encourage people to contribute from the heart.,T,F
Planning a weekend trip with a group of friends.,I prefer to leave our daily schedule open and decide what to do based on our mood.,I prefer to book our activities and reservations ahead of time to secure our spots.,JP,0,I prefer to leave our daily schedule open and decide what to do based on our mood.,I prefer to book our activities and reservations ahead of time to secure our spots.,True,correct,True,True,,False,True,i prefer to book our activities and reservations ahead of time to secure our spots || i prefer to leave our daily schedule open and decide what to do based on our mood,False,I prefer to leave our daily schedule open and decide what to do based on our mood.,I prefer to book our activities and reservations ahead of time to secure our spots.,P,J
Managing a new project at work.,I like to start working immediately and let the project's direction evolve naturally as we go.,I prefer to establish a detailed schedule with milestone dates before starting any actual work.,JP,1,I like to start working immediately and let the project's direction evolve naturally as we go.,I prefer to establish a detailed schedule with milestone dates before starting any actual work.,True,correct,True,True,,False,True,i like to start working immediately and let the project s direction evolve naturally as we go || i prefer to establish a detailed schedule with milestone dates before starting any actual work,False,I like to start working immediately and let the project's direction evolve naturally as we go.,I prefer to establish a detailed schedule with milestone dates before starting any actual work.,P,J
Deciding on a place to eat for dinner.,Let's wander around downtown and choose a place to eat that looks good in the moment.,Let's choose a restaurant and book a table now so we know where we are going.,JP,2,Let's wander around downtown and choose a place to eat that looks good in the moment.,Let's choose a restaurant and book a table now so we know where we are going.,True,correct,True,True,,False,True,let s choose a restaurant and book a table now so we know where we are going || let s wander around downtown and choose a place to eat that looks good in the moment,False,Let's wander around downtown and choose a place to eat that looks good in the moment.,Let's choose a restaurant and book a table now so we know where we are going.,P,J
Running a weekly team meeting.,I like to keep the discussion open-ended and see where the team's ideas naturally take us.,I prefer to follow a strict agenda with specific time limits for each topic.,JP,3,I like to keep the discussion open-ended and see where the team's ideas naturally take us.,I prefer to follow a strict agenda with specific time limits for each topic.,True,correct,True,True,,False,True,i like to keep the discussion open ended and see where the team s ideas naturally take us || i prefer to follow a strict agenda with specific time limits for each topic,False,I like to keep the discussion open-ended and see where the team's ideas naturally take us.,I prefer to follow a strict agenda with specific time limits for each topic.,P,J
Writing an annual report for work.,I write down my thoughts as they come to me and organize the structure during the final edit.,I create a detailed outline first and write each section in sequential order.,JP,4,I write down my thoughts as they come to me and organize the structure during the final edit.,I create a detailed outline first and write each section in sequential order.,True,correct,True,True,,False,True,i create a detailed outline first and write each section in sequential order || i write down my thoughts as they come to me and organize the structure during the final edit,False,I write down my thoughts as they come to me and organize the structure during the final edit.,I create a detailed outline first and write each section in sequential order.,P,J
Going grocery shopping for the household.,I browse the aisles and buy whatever ingredients inspire me for meals when I get home.,I make a precise list based on a weekly meal plan and buy only those items.,JP,5,I browse the aisles and buy whatever ingredients inspire me for meals when I get home.,I make a precise list based on a weekly meal plan and buy only those items.,True,correct,True,True,,False,True,i browse the aisles and buy whatever ingredients inspire me for meals when i get home || i make a precise list based on a weekly meal plan and buy only those items,False,I browse the aisles and buy whatever ingredients inspire me for meals when I get home.,I make a precise list based on a weekly meal plan and buy only those items.,P,J
Packing clothes for a five-day vacation.,I pack a variety of versatile clothes so I can choose what to wear each morning.,I plan out a specific outfit for each day and pack only those items.,JP,6,I pack a variety of versatile clothes so I can choose what to wear each morning.,I plan out a specific outfit for each day and pack only those items.,True,correct,True,True,,False,True,i pack a variety of versatile clothes so i can choose what to wear each morning || i plan out a specific outfit for each day and pack only those items,False,I pack a variety of versatile clothes so I can choose what to wear each morning.,I plan out a specific outfit for each day and pack only those items.,P,J
Preparing for an upcoming certification exam.,"I study whichever topics catch my interest each day, adjusting my focus as I go.",I set a daily study schedule covering specific chapters and stick to it strictly.,JP,7,"I study whichever topics catch my interest each day, adjusting my focus as I go.",I set a daily study schedule covering specific chapters and stick to it strictly.,True,correct,True,True,,False,True,i set a daily study schedule covering specific chapters and stick to it strictly || i study whichever topics catch my interest each day adjusting my focus as i go,False,"I study whichever topics catch my interest each day, adjusting my focus as I go.",I set a daily study schedule covering specific chapters and stick to it strictly.,P,J
Hosting a casual house party.,I set out food and drinks and let the guests mingle and entertain themselves naturally.,I plan specific activities and a timeline for serving food to keep the evening moving.,JP,8,I set out food and drinks and let the guests mingle and entertain themselves naturally.,I plan specific activities and a timeline for serving food to keep the evening moving.,True,correct,True,True,,False,True,i plan specific activities and a timeline for serving food to keep the evening moving || i set out food and drinks and let the guests mingle and entertain themselves naturally,False,I set out food and drinks and let the guests mingle and entertain themselves naturally.,I plan specific activities and a timeline for serving food to keep the evening moving.,P,J
Managing your work email inbox.,I reply to messages as they catch my attention throughout the day to stay flexible.,I schedule dedicated times to process my emails and try to keep my inbox empty.,JP,9,I reply to messages as they catch my attention throughout the day to stay flexible.,I schedule dedicated times to process my emails and try to keep my inbox empty.,True,correct,True,True,,False,True,i reply to messages as they catch my attention throughout the day to stay flexible || i schedule dedicated times to process my emails and try to keep my inbox empty,False,I reply to messages as they catch my attention throughout the day to stay flexible.,I schedule dedicated times to process my emails and try to keep my inbox empty.,P,J
Cleaning and organizing the house.,I tidy up whenever I notice a mess or feel motivated to clean a particular area.,I have a set weekly schedule for specific cleaning tasks to keep the house organized.,JP,10,I tidy up whenever I notice a mess or feel motivated to clean a particular area.,I have a set weekly schedule for specific cleaning tasks to keep the house organized.,True,correct,True,True,,False,True,i have a set weekly schedule for specific cleaning tasks to keep the house organized || i tidy up whenever i notice a mess or feel motivated to clean a particular area,False,I tidy up whenever I notice a mess or feel motivated to clean a particular area.,I have a set weekly schedule for specific cleaning tasks to keep the house organized.,P,J
Thinking about future career goals.,I want to explore different roles and seize unexpected opportunities as they arise.,I prefer to map out a long-term career path with clear milestones to achieve.,JP,11,I want to explore different roles and seize unexpected opportunities as they arise.,I prefer to map out a long-term career path with clear milestones to achieve.,True,correct,True,True,,False,True,i prefer to map out a long term career path with clear milestones to achieve || i want to explore different roles and seize unexpected opportunities as they arise,False,I want to explore different roles and seize unexpected opportunities as they arise.,I prefer to map out a long-term career path with clear milestones to achieve.,P,J
Learning to play a musical instrument.,I like to play around with the instrument and learn songs that I enjoy by ear.,I prefer to follow a structured course with formal lessons and practice exercises.,JP,12,I like to play around with the instrument and learn songs that I enjoy by ear.,I prefer to follow a structured course with formal lessons and practice exercises.,True,correct,True,True,,False,True,i like to play around with the instrument and learn songs that i enjoy by ear || i prefer to follow a structured course with formal lessons and practice exercises,False,I like to play around with the instrument and learn songs that I enjoy by ear.,I prefer to follow a structured course with formal lessons and practice exercises.,P,J
Unpacking boxes after moving into a new home.,"I unpack things gradually as I need them, letting the layout develop over time.",I want to unpack everything immediately and have every room fully organized within days.,JP,13,"I unpack things gradually as I need them, letting the layout develop over time.",I want to unpack everything immediately and have every room fully organized within days.,True,correct,True,True,,False,True,i unpack things gradually as i need them letting the layout develop over time || i want to unpack everything immediately and have every room fully organized within days,False,"I unpack things gradually as I need them, letting the layout develop over time.",I want to unpack everything immediately and have every room fully organized within days.,P,J
Selecting a movie to watch with friends.,I prefer to look through the options together and choose something spur-of-the-moment.,I prefer to decide on the movie in advance so we do not waste time choosing.,JP,14,I prefer to look through the options together and choose something spur-of-the-moment.,I prefer to decide on the movie in advance so we do not waste time choosing.,True,correct,True,True,,False,True,i prefer to decide on the movie in advance so we do not waste time choosing || i prefer to look through the options together and choose something spur of the moment,False,I prefer to look through the options together and choose something spur-of-the-moment.,I prefer to decide on the movie in advance so we do not waste time choosing.,P,J
Having several independent tasks to complete today.,I like to bounce between tasks depending on my energy levels and interest.,"I prefer to focus on one task at a time, finishing it before moving on.",JP,15,I like to bounce between tasks depending on my energy levels and interest.,"I prefer to focus on one task at a time, finishing it before moving on.",True,correct,True,True,,False,True,i like to bounce between tasks depending on my energy levels and interest || i prefer to focus on one task at a time finishing it before moving on,False,I like to bounce between tasks depending on my energy levels and interest.,"I prefer to focus on one task at a time, finishing it before moving on.",P,J
Participating in a professional conference.,I like to wander around and drop into sessions that look interesting on the spot.,I review the program beforehand and create a personalized schedule of sessions to attend.,JP,16,I like to wander around and drop into sessions that look interesting on the spot.,I review the program beforehand and create a personalized schedule of sessions to attend.,True,correct,True,True,,False,True,i like to wander around and drop into sessions that look interesting on the spot || i review the program beforehand and create a personalized schedule of sessions to attend,False,I like to wander around and drop into sessions that look interesting on the spot.,I review the program beforehand and create a personalized schedule of sessions to attend.,P,J
Buying holiday gifts for family members.,I look around stores for inspiration and buy gifts when I find something that fits.,I make a list of ideas for each person weeks in advance and buy them early.,JP,17,I look around stores for inspiration and buy gifts when I find something that fits.,I make a list of ideas for each person weeks in advance and buy them early.,True,correct,True,True,,False,True,i look around stores for inspiration and buy gifts when i find something that fits || i make a list of ideas for each person weeks in advance and buy them early,False,I look around stores for inspiration and buy gifts when I find something that fits.,I make a list of ideas for each person weeks in advance and buy them early.,P,J
Dividing tasks among group project members.,We should let people pick tasks as they come up to keep things dynamic.,We should assign specific roles and responsibilities to everyone from the very beginning.,JP,18,We should let people pick tasks as they come up to keep things dynamic.,We should assign specific roles and responsibilities to everyone from the very beginning.,True,correct,True,True,,False,True,we should assign specific roles and responsibilities to everyone from the very beginning || we should let people pick tasks as they come up to keep things dynamic,False,We should let people pick tasks as they come up to keep things dynamic.,We should assign specific roles and responsibilities to everyone from the very beginning.,P,J
Exploring a large museum during a trip.,"I like to wander from room to room, stopping whenever something catches my eye.",I prefer to follow the museum map systematically to ensure we see every exhibit.,JP,19,"I like to wander from room to room, stopping whenever something catches my eye.",I prefer to follow the museum map systematically to ensure we see every exhibit.,True,correct,True,True,,False,True,i like to wander from room to room stopping whenever something catches my eye || i prefer to follow the museum map systematically to ensure we see every exhibit,False,"I like to wander from room to room, stopping whenever something catches my eye.",I prefer to follow the museum map systematically to ensure we see every exhibit.,P,J
Maintaining a regular fitness habit.,I decide what workout to do each day based on my energy and mood.,I follow a pre-planned weekly workout routine with scheduled days for specific exercises.,JP,20,I decide what workout to do each day based on my energy and mood.,I follow a pre-planned weekly workout routine with scheduled days for specific exercises.,True,correct,True,True,,False,True,i decide what workout to do each day based on my energy and mood || i follow a pre planned weekly workout routine with scheduled days for specific exercises,False,I decide what workout to do each day based on my energy and mood.,I follow a pre-planned weekly workout routine with scheduled days for specific exercises.,P,J
Learning how to use a new computer program.,I like to open the software and figure things out by experimenting with features.,I prefer to watch tutorials or read the manual step-by-step before using it.,JP,21,I like to open the software and figure things out by experimenting with features.,I prefer to watch tutorials or read the manual step-by-step before using it.,True,correct,True,True,,False,True,i like to open the software and figure things out by experimenting with features || i prefer to watch tutorials or read the manual step by step before using it,False,I like to open the software and figure things out by experimenting with features.,I prefer to watch tutorials or read the manual step-by-step before using it.,P,J
Preparing a homemade dinner.,I like to experiment with ingredients and adjust the recipe as I go along.,I prefer to follow the exact measurements and instructions in a recipe.,JP,22,I like to experiment with ingredients and adjust the recipe as I go along.,I prefer to follow the exact measurements and instructions in a recipe.,True,correct,True,True,,False,True,i like to experiment with ingredients and adjust the recipe as i go along || i prefer to follow the exact measurements and instructions in a recipe,False,I like to experiment with ingredients and adjust the recipe as I go along.,I prefer to follow the exact measurements and instructions in a recipe.,P,J
Managing digital files on your computer.,I save files where it is convenient and use the search function to locate them.,I categorize files into a strict system of folders and subfolders immediately.,JP,23,I save files where it is convenient and use the search function to locate them.,I categorize files into a strict system of folders and subfolders immediately.,True,correct,True,True,,False,True,i categorize files into a strict system of folders and subfolders immediately || i save files where it is convenient and use the search function to locate them,False,I save files where it is convenient and use the search function to locate them.,I categorize files into a strict system of folders and subfolders immediately.,P,J
Attending a multi-day music festival.,I like to float between stages and discover new bands without a set plan.,I create a spreadsheet of set times so I do not miss my favorite artists.,JP,24,I like to float between stages and discover new bands without a set plan.,I create a spreadsheet of set times so I do not miss my favorite artists.,True,correct,True,True,,False,True,i create a spreadsheet of set times so i do not miss my favorite artists || i like to float between stages and discover new bands without a set plan,False,I like to float between stages and discover new bands without a set plan.,I create a spreadsheet of set times so I do not miss my favorite artists.,P,J
Renovating a spare bedroom.,I like to start the project and make design choices as the room takes shape.,I prefer to have a complete design plan and material list before starting.,JP,25,I like to start the project and make design choices as the room takes shape.,I prefer to have a complete design plan and material list before starting.,True,correct,True,True,,False,True,i like to start the project and make design choices as the room takes shape || i prefer to have a complete design plan and material list before starting,False,I like to start the project and make design choices as the room takes shape.,I prefer to have a complete design plan and material list before starting.,P,J
Managing a typical day at work.,I prefer to keep my calendar open so I can respond to spontaneous opportunities.,I block out specific times on my calendar for each planned task.,JP,26,I prefer to keep my calendar open so I can respond to spontaneous opportunities.,I block out specific times on my calendar for each planned task.,True,correct,True,True,,False,True,i block out specific times on my calendar for each planned task || i prefer to keep my calendar open so i can respond to spontaneous opportunities,False,I prefer to keep my calendar open so I can respond to spontaneous opportunities.,I block out specific times on my calendar for each planned task.,P,J
Spending a free day in a new city.,I love to walk around aimlessly and discover hidden gems on my own.,I prefer to plan a walking route that covers all the main landmarks.,JP,27,I love to walk around aimlessly and discover hidden gems on my own.,I prefer to plan a walking route that covers all the main landmarks.,True,correct,True,True,,False,True,i love to walk around aimlessly and discover hidden gems on my own || i prefer to plan a walking route that covers all the main landmarks,False,I love to walk around aimlessly and discover hidden gems on my own.,I prefer to plan a walking route that covers all the main landmarks.,P,J
Brainstorming ideas with a coworker.,I like to throw out random ideas and see how they connect organically.,I prefer to systematically go through a list of prompts or categories.,JP,28,I like to throw out random ideas and see how they connect organically.,I prefer to systematically go through a list of prompts or categories.,True,correct,True,True,,False,True,i like to throw out random ideas and see how they connect organically || i prefer to systematically go through a list of prompts or categories,False,I like to throw out random ideas and see how they connect organically.,I prefer to systematically go through a list of prompts or categories.,P,J
Buying a new laptop.,I browse the options in the store and buy the one that feels right.,I research specifications and compare models online for weeks before buying.,JP,29,I browse the options in the store and buy the one that feels right.,I research specifications and compare models online for weeks before buying.,True,correct,True,True,,False,True,i browse the options in the store and buy the one that feels right || i research specifications and compare models online for weeks before buying,False,I browse the options in the store and buy the one that feels right.,I research specifications and compare models online for weeks before buying.,P,J
Setting policies for a new team.,I prefer general guidelines that allow people to adapt to different situations.,"I prefer clear, documented rules that define exactly how situations should be handled.",JP,30,I prefer general guidelines that allow people to adapt to different situations.,"I prefer clear, documented rules that define exactly how situations should be handled.",True,correct,True,True,,False,True,i prefer clear documented rules that define exactly how situations should be handled || i prefer general guidelines that allow people to adapt to different situations,False,I prefer general guidelines that allow people to adapt to different situations.,"I prefer clear, documented rules that define exactly how situations should be handled.",P,J
Meeting friends on a Friday night.,I prefer to see where the night takes us and keep our options open.,I prefer to have a set plan for when and where we meet.,JP,31,I prefer to see where the night takes us and keep our options open.,I prefer to have a set plan for when and where we meet.,True,correct,True,True,,False,True,i prefer to have a set plan for when and where we meet || i prefer to see where the night takes us and keep our options open,False,I prefer to see where the night takes us and keep our options open.,I prefer to have a set plan for when and where we meet.,P,J
Planting a backyard garden.,I like to plant things where they seem to fit and adjust next season.,I draw a detailed layout grid indicating where every plant will go.,JP,32,I like to plant things where they seem to fit and adjust next season.,I draw a detailed layout grid indicating where every plant will go.,True,correct,True,True,,False,True,i draw a detailed layout grid indicating where every plant will go || i like to plant things where they seem to fit and adjust next season,False,I like to plant things where they seem to fit and adjust next season.,I draw a detailed layout grid indicating where every plant will go.,P,J
Assembling a large jigsaw puzzle.,I look for pieces that catch my eye and build random sections first.,I sort all the pieces by color and build the border first.,JP,33,I look for pieces that catch my eye and build random sections first.,I sort all the pieces by color and build the border first.,True,correct,True,True,,False,True,i look for pieces that catch my eye and build random sections first || i sort all the pieces by color and build the border first,False,I look for pieces that catch my eye and build random sections first.,I sort all the pieces by color and build the border first.,P,J
Reading a nonfiction book.,I skip around to chapters that interest me rather than reading in order.,"I read the book from front to back, page by page, in order.",JP,34,I skip around to chapters that interest me rather than reading in order.,"I read the book from front to back, page by page, in order.",True,correct,True,True,,False,True,i read the book from front to back page by page in order || i skip around to chapters that interest me rather than reading in order,False,I skip around to chapters that interest me rather than reading in order.,"I read the book from front to back, page by page, in order.",P,J
Managing monthly personal finances.,I track my spending loosely and adjust my habits if my balance gets low.,I allocate a strict budget limit for each category of spending every month.,JP,35,I track my spending loosely and adjust my habits if my balance gets low.,I allocate a strict budget limit for each category of spending every month.,True,correct,True,True,,False,True,i allocate a strict budget limit for each category of spending every month || i track my spending loosely and adjust my habits if my balance gets low,False,I track my spending loosely and adjust my habits if my balance gets low.,I allocate a strict budget limit for each category of spending every month.,P,J
Giving a presentation at a conference.,I use minimal notes and speak spontaneously based on the audience's reaction.,I write out my script and practice it multiple times beforehand.,JP,36,I use minimal notes and speak spontaneously based on the audience's reaction.,I write out my script and practice it multiple times beforehand.,True,correct,True,True,,False,True,i use minimal notes and speak spontaneously based on the audience s reaction || i write out my script and practice it multiple times beforehand,False,I use minimal notes and speak spontaneously based on the audience's reaction.,I write out my script and practice it multiple times beforehand.,P,J
Supervising employees on a task.,I give them the overall goal and let them figure out their own methods.,I provide step-by-step instructions and check-in times to monitor progress.,JP,37,I give them the overall goal and let them figure out their own methods.,I provide step-by-step instructions and check-in times to monitor progress.,True,correct,True,True,,False,True,i give them the overall goal and let them figure out their own methods || i provide step by step instructions and check in times to monitor progress,False,I give them the overall goal and let them figure out their own methods.,I provide step-by-step instructions and check-in times to monitor progress.,P,J
Finding a missing ingredient at the grocery store.,I quickly choose a substitute ingredient that looks like it will work fine.,I go to another store or change my dinner plans to get the exact item.,JP,38,I quickly choose a substitute ingredient that looks like it will work fine.,I go to another store or change my dinner plans to get the exact item.,True,correct,True,True,,False,True,i go to another store or change my dinner plans to get the exact item || i quickly choose a substitute ingredient that looks like it will work fine,False,I quickly choose a substitute ingredient that looks like it will work fine.,I go to another store or change my dinner plans to get the exact item.,P,J
Rearranging the living room furniture.,I physically move the heavy pieces around until I find a layout I like.,I measure the space and draw a layout plan before moving anything.,JP,39,I physically move the heavy pieces around until I find a layout I like.,I measure the space and draw a layout plan before moving anything.,True,correct,True,True,,False,True,i measure the space and draw a layout plan before moving anything || i physically move the heavy pieces around until i find a layout i like,False,I physically move the heavy pieces around until I find a layout I like.,I measure the space and draw a layout plan before moving anything.,P,J
